{
  "kp": 0.1887199316113612,
  "ki": 0.05,
  "kd": 0.14443340213052278,
  "kp_yaw": 3.2900497839607534,
  "ki_yaw": 0.0008268347612542403,
  "kd_yaw": 0.0,
  "dob_bw": 3.9097082510303673,
  "score": 0.5844638439109349
}