{
  "kp": 2.8228169417620737,
  "ki": 0.0,
  "kd": 1.01405507776266,
  "kp_yaw": 0.1,
  "ki_yaw": 0.05,
  "kd_yaw": 0.0,
  "score": 0.00402829760668312
}