time_s,err_mag,err_x,err_y,err_z
0.479,3.008127,2.0,2.0,1.024123
0.484,3.018886,1.999955,1.999955,1.055479
0.489,3.01918,1.99929,1.99929,1.058831
0.493,3.008887,1.997424,1.997425,1.036337
0.5,2.99039,1.99391,1.99391,0.99553
0.505,2.965683,1.988386,1.988387,0.942292
0.511,2.937452,1.980675,1.980676,0.884577
0.514,2.908065,1.970708,1.970711,0.830331
0.519,2.877975,1.958321,1.958324,0.782742
0.522,2.845499,1.943107,1.943111,0.738597
0.525,2.809389,1.924677,1.924683,0.695614
0.53,2.769957,1.902927,1.902935,0.656027
0.534,2.726388,1.87755,1.877563,0.618673
0.537,2.678124,1.848305,1.848322,0.582945
0.541,2.625202,1.815091,1.815115,0.54999
0.546,2.566956,1.77766,1.777694,0.518646
0.55,2.503377,1.735999,1.736052,0.489212
0.553,2.434443,1.690136,1.690216,0.461655
0.557,2.36,1.640076,1.640192,0.43534
0.561,2.280172,1.585922,1.586082,0.410342
0.565,2.195166,1.527818,1.528028,0.386852
0.569,2.105208,1.46593,1.466199,0.364978
0.572,2.010398,1.400401,1.400741,0.34424
0.576,1.911011,1.331427,1.331849,0.324719
0.579,1.807407,1.259236,1.259758,0.306684
0.583,1.699751,1.18403,1.184633,0.289606
0.587,1.58833,1.10605,1.10673,0.27312
0.591,1.474013,1.025889,1.026646,0.257419
0.594,1.357944,0.944311,0.945157,0.242833
0.597,1.240803,0.861846,0.862798,0.228892
0.601,1.123359,0.779022,0.780093,0.215676
0.605,1.006365,0.696338,0.697542,0.203273
0.609,0.890467,0.614248,0.615599,0.191491
0.612,0.776344,0.533181,0.534692,0.180367
0.615,0.664666,0.453533,0.455219,0.169897
0.62,0.556121,0.375673,0.377549,0.15999
0.623,0.451534,0.299947,0.302027,0.150649
0.627,0.352038,0.226675,0.228972,0.141849
0.632,0.259613,0.156155,0.158685,0.133542
0.635,0.178963,0.088665,0.091443,0.125715
0.64,0.123937,0.024466,0.027506,0.118344
0.644,0.12166,-0.036201,-0.032885,0.111396
0.648,0.166358,-0.09311,-0.089504,0.104855
0.653,0.226441,-0.146049,-0.14214,0.098699
0.655,0.287948,-0.194823,-0.190595,0.092906
0.66,0.346358,-0.239245,-0.234685,0.087457
0.663,0.399882,-0.279143,-0.274237,0.082334
0.667,0.447619,-0.314354,-0.309089,0.077519
0.671,0.489024,-0.344725,-0.339087,0.072997
0.675,0.523709,-0.370114,-0.364089,0.068751
0.68,0.551378,-0.390383,-0.383958,0.064768
0.683,0.571782,-0.405406,-0.398568,0.061032
0.687,0.584707,-0.41506,-0.407795,0.057531
0.691,0.58996,-0.419232,-0.411526,0.054252
0.695,0.587367,-0.41781,-0.409651,0.051183
0.698,0.57677,-0.410695,-0.402069,0.048315
0.703,0.558088,-0.397825,-0.388719,0.045773
0.707,0.531251,-0.379134,-0.36958,0.043537
0.712,0.496549,-0.35479,-0.344918,0.041437
0.716,0.454667,-0.32527,-0.315229,0.039394
0.72,0.406723,-0.291381,-0.28129,0.037368
0.725,0.354021,-0.254071,-0.243979,0.0354
0.729,0.297547,-0.214027,-0.203988,0.033399
0.732,0.238272,-0.171901,-0.161969,0.031456
0.737,0.177175,-0.12831,-0.118539,0.029598
0.74,0.115393,-0.083828,-0.074268,0.027796
0.744,0.055512,-0.038987,-0.029689,0.02608
0.748,0.029102,0.005717,0.014704,0.024455
0.753,0.080144,0.049822,0.058449,0.022906
0.756,0.138974,0.092895,0.101116,0.021441
0.76,0.196858,0.134537,0.142304,0.020061
0.764,0.252491,0.174372,0.181643,0.018758
0.769,0.305189,0.212054,0.218783,0.017534
0.774,0.354424,0.247256,0.253402,0.016387
0.777,0.399738,0.279676,0.285197,0.015312
0.782,0.440718,0.309032,0.313889,0.014308
0.785,0.47698,0.33506,0.339214,0.013374
0.788,0.508174,0.357514,0.360926,0.012506
0.792,0.533969,0.376163,0.378798,0.011703
0.796,0.55406,0.390791,0.392613,0.010961
0.8,0.56816,0.401196,0.402172,0.010279
0.804,0.576001,0.407189,0.407285,0.009655
0.808,0.57733,0.408592,0.407775,0.009086
0.813,0.571911,0.405236,0.403475,0.008571
0.816,0.559643,0.397029,0.394321,0.008847
0.819,0.540256,0.38379,0.38013,0.009133
0.823,0.513663,0.365405,0.3609,0.008936
0.826,0.480255,0.342138,0.336913,0.008712
0.83,0.440706,0.314463,0.308644,0.008611
0.833,0.396011,0.283081,0.276802,0.008404
0.837,0.347363,0.248858,0.242211,0.008043
0.841,0.295718,0.212488,0.205525,0.007596
0.847,0.241939,0.174576,0.167353,0.007124
0.851,0.186842,0.135695,0.128269,0.006629
0.855,0.131203,0.096381,0.088811,0.006133
0.859,0.075788,0.057133,0.049474,0.005653
0.863,0.021929,0.018412,0.010722,0.005187
0.866,0.033563,-0.019347,-0.027012,0.00474
0.87,0.084476,-0.055743,-0.063327,0.00432
0.874,0.133272,-0.090399,-0.097847,0.003923
0.878,0.179139,-0.122964,-0.130223,0.003553
0.881,0.221574,-0.153112,-0.160128,0.003211
0.885,0.260132,-0.180539,-0.18726,0.002896
0.889,0.294408,-0.204958,-0.211333,0.002609
0.893,0.324023,-0.226104,-0.232083,0.002351
0.898,0.348626,-0.243728,-0.249263,0.002122
0.903,0.367887,-0.257597,-0.262641,0.00192
0.907,0.381497,-0.267494,-0.272,0.001746
0.913,0.389169,-0.273213,-0.277137,0.0016
0.918,0.390672,-0.27459,-0.277888,0.001635
0.923,0.385762,-0.271454,-0.274084,0.001811
0.927,0.374227,-0.263642,-0.265584,0.00198
0.93,0.356087,-0.251144,-0.252428,0.002114
0.934,0.331657,-0.234172,-0.234851,0.002241
0.937,0.301521,-0.213132,-0.21327,0.002349
0.941,0.26651,-0.188608,-0.188277,0.002512
0.945,0.227722,-0.161383,-0.160641,0.002744
0.949,0.186223,-0.132229,-0.131101,0.002676
0.953,0.14285,-0.101736,-0.100248,0.002475
0.959,0.098383,-0.070454,-0.068631,0.002313
0.963,0.053562,-0.038896,-0.036766,0.00207
0.967,0.009308,-0.007549,-0.005135,0.001808
0.971,0.034701,0.023138,0.025812,0.00158
0.975,0.076694,0.052747,0.055658,0.001341
0.978,0.116628,0.080888,0.084012,0.001112
0.984,0.15396,0.107194,0.11051,0.00091
0.987,0.188203,0.131325,0.134811,0.000718
0.99,0.218907,0.152962,0.156597,0.000544
0.994,0.24565,0.17181,0.175571,0.000393
0.997,0.26804,0.187588,0.191457,0.000261
1.004,0.285709,0.200039,0.203995,0.000149
1.012,0.298349,0.208943,0.212967,0.00021
1.017,0.30565,0.214081,0.218154,0.000406
1.021,0.307314,0.215242,0.219345,0.000586
1.024,0.303077,0.212245,0.21635,0.000738
1.028,0.29286,0.205045,0.2091,0.000899
1.032,0.276839,0.193767,0.197719,0.001058
1.035,0.255423,0.178698,0.182501,0.001184
1.039,0.229245,0.160282,0.163894,0.001272
1.044,0.19916,0.139119,0.142507,0.001557
1.048,0.166148,0.115901,0.119037,0.001608
1.051,0.131154,0.091294,0.094152,0.001432
1.055,0.09498,0.065863,0.068421,0.001321
1.06,0.058358,0.040124,0.04236,0.001153
1.064,0.021997,0.014565,0.016458,0.000929
1.069,0.013628,-0.010358,-0.008824,0.000749
1.073,0.047588,-0.034222,-0.033063,0.000565
1.077,0.079548,-0.056631,-0.055862,0.000377
1.08,0.108944,-0.077218,-0.076851,0.000218
1.084,0.135284,-0.095637,-0.095684,7.1e-05
1.089,0.158159,-0.111604,-0.112064,0.000636
1.096,0.177127,-0.124801,-0.125687,0.001263
1.103,0.191767,-0.134918,-0.136272,0.001324
1.107,0.201741,-0.141721,-0.143572,0.001274
1.111,0.206732,-0.144985,-0.147362,0.00139
1.116,0.206438,-0.144515,-0.14741,0.001546
1.122,0.200765,-0.140277,-0.143618,0.001649
1.128,0.189849,-0.132377,-0.136074,0.00174
1.131,0.174038,-0.121061,-0.12502,0.001828
1.136,0.153864,-0.106708,-0.110832,0.001886
1.14,0.130023,-0.089811,-0.094003,0.001903
1.143,0.103464,-0.071027,-0.075209,0.001912
1.146,0.075223,-0.051075,-0.055194,0.001868
1.151,0.046059,-0.030483,-0.034488,0.00168
1.156,0.01679,-0.009748,-0.013589,0.001486
1.159,0.01283,0.010656,0.007027,0.00129
1.163,0.040534,0.030288,0.026917,0.001065
1.167,0.066798,0.048739,0.045669,0.00086
1.171,0.090904,0.065627,0.062898,0.000671
1.175,0.112329,0.080593,0.078246,0.000488
1.179,0.130637,0.09334,0.091396,0.000736
1.183,0.145383,0.103547,0.102044,0.001102
1.187,0.156141,0.11091,0.109898,0.001192
1.191,0.162542,0.115169,0.114693,0.001177
1.195,0.164301,0.116144,0.116206,0.001266
1.2,0.161348,0.113802,0.114369,0.00139
1.203,0.153799,0.108236,0.109256,0.001467
1.207,0.141958,0.099668,0.101075,0.00152
1.212,0.126291,0.088428,0.090152,0.001568
1.216,0.1074,0.074944,0.076913,0.001596
1.22,0.08603,0.059741,0.061879,0.001767
1.223,0.063096,0.043455,0.045703,0.00202
1.226,0.039517,0.026726,0.029045,0.001929
1.231,0.016041,0.010038,0.01239,0.001743
1.234,0.007419,-0.006159,-0.003811,0.001604
1.238,0.028761,-0.021435,-0.019126,0.001377
1.242,0.048506,-0.035389,-0.033153,0.001151
1.245,0.065904,-0.047651,-0.045518,0.000966
1.248,0.080478,-0.057897,-0.05589,0.000971
1.253,0.091768,-0.065806,-0.063951,0.001104
1.256,0.099361,-0.071086,-0.069412,0.001177
1.261,0.103014,-0.073571,-0.072096,0.001193
1.266,0.102653,-0.073212,-0.071946,0.00123
1.271,0.098349,-0.070061,-0.069009,0.001286
1.277,0.090315,-0.064273,-0.063434,0.001324
1.281,0.078908,-0.056105,-0.05547,0.001344
1.285,0.064612,-0.045898,-0.045456,0.001355
1.289,0.048007,-0.034065,-0.033799,0.001359
1.292,0.02978,-0.021085,-0.020977,0.001503
1.298,0.010815,-0.007536,-0.007566,0.001711
1.302,0.008513,0.005982,0.005831,0.001638
1.305,0.026731,0.019005,0.018741,0.001461
1.31,0.043766,0.031117,0.030747,0.001323
1.314,0.058962,0.041919,0.041451,0.001119
1.317,0.071822,0.051059,0.0505,0.00103
1.321,0.081897,0.05822,0.057587,0.001093
1.325,0.088874,0.063181,0.062494,0.00115
1.33,0.092557,0.065801,0.065082,0.00116
1.334,0.092882,0.066036,0.065306,0.001176
1.337,0.089906,0.063928,0.063206,0.00121
1.341,0.083808,0.059602,0.058905,0.001235
1.345,0.074882,0.053269,0.052613,0.001244
1.348,0.063526,0.045212,0.044609,0.001248
1.352,0.050224,0.035771,0.035232,0.001247
1.356,0.035521,0.025335,0.024867,0.001239
1.361,0.020031,0.014328,0.013935,0.001329
1.365,0.004623,0.003207,0.002893,0.001649
1.369,0.010998,-0.007544,-0.007779,0.001883
1.373,0.024875,-0.017457,-0.017615,0.001932
1.377,0.037109,-0.026159,-0.026246,0.001981
1.381,0.04726,-0.033377,-0.033399,0.001986
1.385,0.054993,-0.03888,-0.038844,0.001933
1.389,0.060077,-0.042502,-0.042418,0.00189
1.393,0.062374,-0.044147,-0.044024,0.001868
1.396,0.061848,-0.04379,-0.043637,0.001843
1.4,0.058573,-0.041484,-0.041311,0.001812
1.405,0.052727,-0.037353,-0.037171,0.001782
1.409,0.044583,-0.031592,-0.031409,0.001751
1.412,0.034499,-0.024452,-0.024277,0.001715
1.416,0.022905,-0.016233,-0.016072,0.001677
1.42,0.010313,-0.007269,-0.00713,0.001636
1.424,0.00342,0.002082,0.002195,0.001595
1.428,0.016332,0.011451,0.011535,0.001604
1.431,0.029035,0.020469,0.020521,0.001726
1.435,0.040767,0.028785,0.028804,0.001919
1.438,0.051093,0.036108,0.036093,0.001997
1.442,0.059651,0.04218,0.042134,0.001936
1.446,0.066159,0.046801,0.046725,0.001877
1.45,0.070397,0.049812,0.04971,0.001852
1.454,0.072228,0.051119,0.050994,0.001821
1.457,0.071615,0.050696,0.050552,0.001781
1.461,0.068617,0.048583,0.048425,0.001746
1.465,0.06338,0.044884,0.044716,0.001714
1.469,0.056136,0.039763,0.039589,0.001679
1.472,0.047191,0.033437,0.033261,0.001642
1.476,0.036914,0.026164,0.025991,0.001603
1.479,0.02572,0.018237,0.018069,0.001563
1.483,0.014065,0.009967,0.009807,0.001524
1.486,0.002707,0.001672,0.001523,0.001486
1.49,0.009163,-0.006329,-0.006466,0.001451
1.494,0.019565,-0.013736,-0.01386,0.001421
1.498,0.028791,-0.020284,-0.020394,0.001255
1.501,0.036512,-0.025757,-0.025854,0.001137
1.505,0.042465,-0.029974,-0.030058,0.001164
1.508,0.046439,-0.03279,-0.032863,0.001195
1.513,0.048302,-0.034114,-0.034175,0.001176
1.516,0.048015,-0.033915,-0.033967,0.00116
1.521,0.045619,-0.032225,-0.032269,0.001164
1.524,0.041235,-0.029128,-0.029164,0.001164
1.527,0.035058,-0.024761,-0.024792,0.001154
1.531,0.027353,-0.019312,-0.019338,0.001143
1.535,0.018442,-0.013004,-0.013028,0.001132
1.539,0.008704,-0.006093,-0.006115,0.001119
1.544,0.001952,0.001149,0.001128,0.001103
1.547,0.011968,0.008439,0.008417,0.001089
1.552,0.021925,0.015496,0.015473,0.001076
1.556,0.031188,0.022053,0.022027,0.001066
1.562,0.039411,0.027872,0.027843,0.001053
1.565,0.046323,0.032763,0.03273,0.001038
1.569,0.051691,0.036563,0.036525,0.001041
1.573,0.055336,0.039142,0.0391,0.00105
1.577,0.057134,0.040416,0.04037,0.001047
1.58,0.057044,0.040355,0.040303,0.001042
1.584,0.055096,0.03898,0.038924,0.001043
1.588,0.051392,0.036363,0.036302,0.001042
1.592,0.046098,0.032621,0.032555,0.001038
1.595,0.039442,0.027915,0.027846,0.001031
1.598,0.031701,0.022441,0.022368,0.001024
1.601,0.02319,0.016419,0.016345,0.001014
1.606,0.014252,0.01009,0.010014,0.001004
1.61,0.005277,0.003703,0.003626,0.000994
1.614,0.003718,-0.002496,-0.002573,0.000985
1.618,0.01179,-0.00827,-0.008346,0.000978
1.622,0.019051,-0.013409,-0.013484,0.001151
1.625,0.025181,-0.017747,-0.01782,0.001264
1.629,0.029967,-0.021137,-0.021207,0.001221
1.633,0.033258,-0.023468,-0.023536,0.001183
1.637,0.034945,-0.024663,-0.024728,0.001184
1.642,0.034983,-0.024691,-0.024754,0.00118
1.645,0.033396,-0.02357,-0.02363,0.001162
1.648,0.03027,-0.02136,-0.021418,0.001146
1.654,0.02575,-0.018163,-0.018218,0.001134
1.66,0.020034,-0.014117,-0.01417,0.00112
1.666,0.013365,-0.009393,-0.009444,0.001103
1.67,0.006048,-0.004183,-0.004231,0.001087
1.674,0.002104,0.001304,0.001257,0.001071
1.679,0.009711,0.006849,0.006803,0.001055
1.682,0.017305,0.012237,0.012192,0.00104
1.686,0.024397,0.017258,0.017214,0.001028
1.691,0.030721,0.021729,0.021686,0.001159
1.695,0.036063,0.025507,0.025464,0.001241
1.698,0.040242,0.028464,0.028421,0.001202
1.705,0.043123,0.030503,0.03046,0.001168
1.708,0.04461,0.031555,0.031512,0.001163
1.711,0.044663,0.031593,0.031549,0.001153
1.716,0.043303,0.030631,0.030587,0.001134
1.719,0.040603,0.028722,0.028677,0.001117
1.723,0.036688,0.025953,0.025908,0.001103
1.726,0.031728,0.022445,0.022399,0.001087
1.731,0.025933,0.018345,0.018298,0.001071
1.734,0.019541,0.013821,0.013774,0.001054
1.738,0.012816,0.009056,0.009008,0.001038
1.742,0.006048,0.004239,0.004191,0.001022
1.745,0.001204,-0.00044,-0.000489,0.001008
1.75,0.006896,-0.004801,-0.00485,0.000996
1.753,0.012356,-0.008682,-0.008732,0.001018
1.757,0.016986,-0.011964,-0.012014,0.001025
1.763,0.020619,-0.014537,-0.014587,0.001014
1.767,0.023134,-0.016317,-0.016367,0.001007
1.772,0.024442,-0.017244,-0.017293,0.000998
1.777,0.024512,-0.017293,-0.017343,0.000987
1.783,0.023362,-0.01648,-0.016529,0.000979
1.786,0.021055,-0.014848,-0.014897,0.000971
1.791,0.017701,-0.012474,-0.012523,0.000961
1.796,0.01345,-0.009463,-0.009511,0.000951
1.799,0.008489,-0.005942,-0.00599,0.000941
1.804,0.003088,-0.002058,-0.002105,0.00093
1.807,0.002985,0.002031,0.001984,0.00092
1.812,0.008727,0.006161,0.006114,0.00091
1.815,0.014374,0.010167,0.010121,0.000901
1.818,0.019635,0.013893,0.013847,0.000893
1.822,0.024309,0.017202,0.017157,0.000802
1.826,0.028253,0.019994,0.019948,0.000736
1.83,0.03134,0.022177,0.022132,0.000761
1.834,0.033462,0.023677,0.023632,0.000788
1.837,0.034546,0.024444,0.024399,0.000779
1.841,0.034565,0.024457,0.024413,0.000771
1.845,0.033537,0.023731,0.023686,0.000777
1.85,0.031518,0.022303,0.022258,0.000781
1.853,0.028602,0.02024,0.020195,0.000779
1.858,0.024917,0.017633,0.017588,0.000777
1.862,0.02062,0.014593,0.014548,0.000776
1.866,0.015892,0.011247,0.011201,0.000775
1.872,0.010927,0.00773,0.007684,0.000772
1.875,0.005936,0.004185,0.004138,0.00077
1.881,0.001287,0.000753,0.000706,0.000768
1.886,0.003555,-0.00243,-0.002478,0.000767
1.891,0.00749,-0.005253,-0.005301,0.000633
1.896,0.010838,-0.007629,-0.007678,0.000553
1.9,0.01346,-0.009484,-0.009533,0.000603
1.905,0.015257,-0.010754,-0.010803,0.000645
1.909,0.016164,-0.011396,-0.011446,0.000637
1.913,0.016166,-0.011397,-0.011447,0.000633
1.916,0.015278,-0.010768,-0.010819,0.000648
1.92,0.013551,-0.009545,-0.009596,0.000658
1.924,0.011066,-0.007785,-0.007837,0.000661
1.928,0.007939,-0.005568,-0.005619,0.000664
1.932,0.004316,-0.002989,-0.00304,0.000669
1.935,0.000722,-0.000157,-0.000208,0.000673
1.939,0.003996,0.00281,0.00276,0.000675
1.944,0.008184,0.005792,0.005742,0.000678
1.948,0.012242,0.008668,0.008618,0.000681
1.952,0.015992,0.011322,0.011273,0.000685
1.958,0.019298,0.013665,0.013616,0.000541
1.963,0.022068,0.015624,0.015577,0.000497
1.967,0.024212,0.017139,0.017092,0.000583
1.973,0.025652,0.018156,0.01811,0.000619
1.977,0.026339,0.018642,0.018598,0.000602
1.982,0.026264,0.018588,0.018545,0.000601
1.986,0.025442,0.018006,0.017964,0.00062
1.99,0.023917,0.016926,0.016886,0.00063
1.995,0.021761,0.015401,0.015361,0.000631
1.999,0.019072,0.013498,0.013459,0.000635
2.004,0.015966,0.0113,0.011261,0.000641
2.007,0.012575,0.008899,0.008861,0.000646
2.011,0.009042,0.006396,0.006358,0.000648
2.015,0.005517,0.003893,0.003855,0.000652
2.018,0.002184,0.001492,0.001454,0.000656
2.022,0.001337,-0.000713,-0.000751,0.000846
2.026,0.003862,-0.002648,-0.002686,0.00083
2.03,0.006091,-0.004251,-0.00429,0.000791
2.034,0.007817,-0.005474,-0.005515,0.000859
2.038,0.00895,-0.006277,-0.006319,0.000881
2.042,0.009451,-0.006634,-0.006678,0.000851
2.046,0.009322,-0.006543,-0.006588,0.000833
2.051,0.008581,-0.006016,-0.006062,0.000835
2.055,0.007269,-0.005083,-0.00513,0.00083
2.059,0.005454,-0.003788,-0.003837,0.000819
2.064,0.003239,-0.002192,-0.002242,0.00081
2.068,0.000976,-0.000365,-0.000416,0.000804
2.073,0.002386,0.001615,0.001564,0.000797
2.077,0.005207,0.003665,0.003613,0.00079
2.081,0.00806,0.005698,0.005646,0.000784
2.084,0.010785,0.007632,0.00758,0.000778
2.088,0.0133,0.009392,0.009341,0.001199
2.092,0.015465,0.010916,0.010865,0.001402
2.096,0.017189,0.012143,0.012093,0.001329
2.099,0.018459,0.013044,0.012996,0.001305
2.103,0.019232,0.01359,0.013545,0.001312
2.107,0.019481,0.013768,0.013724,0.001277
2.113,0.019214,0.013579,0.013538,0.001228
2.116,0.018456,0.013043,0.013003,0.001196
2.121,0.017247,0.012187,0.012148,0.00117
2.125,0.015647,0.011053,0.011016,0.001139
2.129,0.013729,0.009694,0.009659,0.001108
2.132,0.01158,0.00817,0.008135,0.001082
2.136,0.009293,0.006546,0.006512,0.001057
2.139,0.00697,0.004891,0.004857,0.001033
2.143,0.004716,0.003274,0.003241,0.00101
2.146,0.002733,0.001761,0.001727,0.001176
2.15,0.001196,0.000402,0.000368,0.001064
2.154,0.00153,-0.000769,-0.000804,0.001051
2.157,0.002822,-0.001731,-0.001767,0.001359
2.161,0.003813,-0.002455,-0.002493,0.001517
2.165,0.004395,-0.00292,-0.00296,0.001423
2.169,0.004628,-0.003112,-0.003155,0.001335
2.172,0.004513,-0.003029,-0.003073,0.001322
2.176,0.004034,-0.002677,-0.002724,0.001299
2.18,0.003221,-0.002075,-0.002123,0.00125
2.185,0.00217,-0.00125,-0.0013,0.001207
2.188,0.001235,-0.000239,-0.00029,0.001176
2.191,0.001701,0.000915,0.000862,0.001145
2.195,0.00322,0.002163,0.00211,0.001113
2.199,0.004965,0.003453,0.003399,0.001083
2.202,0.006738,0.004732,0.004679,0.001056
2.206,0.008466,0.00595,0.005897,0.001218
2.209,0.010026,0.007067,0.007015,0.001168
2.213,0.011381,0.008046,0.007995,0.000936
2.218,0.012571,0.008865,0.008815,0.001315
2.223,0.013543,0.009506,0.009458,0.001893
2.227,0.0142,0.009965,0.00992,0.00198
2.232,0.01455,0.01023,0.010187,0.001808
2.236,0.014633,0.010294,0.010254,0.001733
2.241,0.014445,0.01016,0.010123,0.00172
2.244,0.013986,0.009837,0.009802,0.001658
2.247,0.01328,0.00934,0.009307,0.001577
2.252,0.012364,0.008692,0.008661,0.001517
2.255,0.011278,0.007921,0.007892,0.001468
2.259,0.010065,0.00706,0.007032,0.001416
2.262,0.008778,0.006145,0.006118,0.001363
2.265,0.007471,0.005213,0.005187,0.001317
2.269,0.006239,0.004301,0.004275,0.001467
2.274,0.005088,0.003437,0.003411,0.001564
2.277,0.003987,0.002649,0.002621,0.001418
2.281,0.003017,0.00196,0.001931,0.001236
2.284,0.002359,0.001382,0.001352,0.001351
2.289,0.002171,0.00093,0.000899,0.001744
2.293,0.00228,0.000618,0.000586,0.002115
2.297,0.002274,0.000442,0.000408,0.002192
2.301,0.002138,0.000404,0.000368,0.002067
2.305,0.002077,0.000499,0.000461,0.001963
2.309,0.002146,0.000717,0.000678,0.001905
2.312,0.002339,0.001047,0.001006,0.001833
2.315,0.002694,0.001471,0.001429,0.001748
2.32,0.003221,0.001968,0.001925,0.001673
2.324,0.003903,0.002516,0.002472,0.001673
2.327,0.004718,0.003088,0.003043,0.00186
2.331,0.005637,0.003659,0.003613,0.00231
2.335,0.006351,0.00421,0.004164,0.002296
2.339,0.007097,0.004721,0.004675,0.002495
2.342,0.007701,0.00518,0.005135,0.002469
2.346,0.008138,0.005575,0.005532,0.002133
2.35,0.00861,0.005911,0.00587,0.002175
2.354,0.008971,0.006189,0.00615,0.002087
2.359,0.009234,0.006402,0.006364,0.001947
2.364,0.009538,0.006559,0.006523,0.002325
2.368,0.009671,0.006654,0.006619,0.00233
2.372,0.009724,0.006679,0.006645,0.002407
2.376,0.009796,0.006629,0.006597,0.002915
2.379,0.009733,0.006503,0.006473,0.003246
2.383,0.009476,0.006295,0.006266,0.003304
2.387,0.009086,0.006018,0.005989,0.003236
2.391,0.008654,0.005684,0.005657,0.003253
2.394,0.008256,0.00531,0.005283,0.003472
2.397,0.007937,0.004917,0.004891,0.003859
2.402,0.007459,0.004519,0.004493,0.003877
2.405,0.007106,0.004127,0.004101,0.00408
2.41,0.006616,0.003741,0.003715,0.003997
2.413,0.006118,0.003392,0.003364,0.003822
2.416,0.005656,0.003097,0.003069,0.003602
2.42,0.005246,0.002859,0.00283,0.003367
2.423,0.004967,0.002675,0.002645,0.003243
2.427,0.004734,0.002544,0.002513,0.003102
2.43,0.004626,0.002465,0.002432,0.003067
2.434,0.004584,0.002435,0.002401,0.003054
2.438,0.004627,0.002451,0.002415,0.003093
2.441,0.004735,0.002507,0.00247,0.003168
2.445,0.004845,0.002599,0.002561,0.003188
2.449,0.005015,0.002715,0.002675,0.003259
2.452,0.005084,0.002846,0.002805,0.003144
2.456,0.005125,0.002983,0.00294,0.002954
2.46,0.005164,0.003118,0.003075,0.002738
2.463,0.00517,0.003249,0.003204,0.00243
2.467,0.005193,0.003373,0.003328,0.002123
2.471,0.005234,0.00349,0.003444,0.001832
2.474,0.005282,0.003598,0.003552,0.001528
2.478,0.005341,0.003696,0.00365,0.001242
2.481,0.005408,0.003784,0.003739,0.000976
2.485,0.005477,0.003862,0.003817,0.000717
2.49,0.005546,0.003929,0.003885,0.000477
2.493,0.005612,0.003986,0.003942,0.000253
2.5,0.005672,0.004032,0.003989,4e-05
2.508,0.005727,0.004069,0.004027,-0.000157
2.513,0.005774,0.004096,0.004055,-0.000342
2.515,0.005814,0.004115,0.004075,-0.000516
2.52,0.005847,0.004126,0.004087,-0.000679
2.523,0.005874,0.00413,0.004092,-0.000832
2.526,0.005894,0.004128,0.004092,-0.000977
2.53,0.005909,0.004121,0.004086,-0.001113
2.533,0.00592,0.00411,0.004075,-0.001242
2.537,0.005927,0.004095,0.004061,-0.001364
2.54,0.005931,0.004078,0.004045,-0.00148
2.545,0.005934,0.004059,0.004026,-0.001589
2.547,0.005935,0.004039,0.004007,-0.001693
2.552,0.005936,0.004018,0.003986,-0.00179
2.555,0.005936,0.003997,0.003965,-0.001883
2.559,0.005937,0.003976,0.003945,-0.00197
2.562,0.005938,0.003956,0.003925,-0.002051
2.566,0.00594,0.003937,0.003906,-0.002129
2.569,0.005943,0.003919,0.003889,-0.002201
2.573,0.005947,0.003902,0.003872,-0.002269
2.577,0.005951,0.003886,0.003857,-0.002333
2.581,0.005957,0.003872,0.003842,-0.002393
2.585,0.005963,0.003859,0.003829,-0.002449
2.589,0.00597,0.003848,0.003818,-0.002501
2.593,0.005977,0.003837,0.003807,-0.002551
2.597,0.005984,0.003827,0.003797,-0.002597
2.601,0.005991,0.003818,0.003788,-0.00264
2.604,0.005999,0.00381,0.00378,-0.00268
2.609,0.006005,0.003802,0.003772,-0.002717
2.612,0.006012,0.003794,0.003764,-0.002752
2.615,0.006018,0.003787,0.003757,-0.002785
2.619,0.006023,0.00378,0.00375,-0.002816
2.623,0.006027,0.003773,0.003743,-0.002844
2.626,0.006031,0.003765,0.003735,-0.00287
2.63,0.006033,0.003758,0.003728,-0.002895
2.633,0.006034,0.00375,0.00372,-0.002918
2.637,0.006035,0.003742,0.003712,-0.002939
2.641,0.006034,0.003733,0.003704,-0.002958
2.644,0.006032,0.003725,0.003695,-0.002976
2.648,0.006029,0.003716,0.003686,-0.002993
2.651,0.006026,0.003707,0.003677,-0.003009
2.656,0.006021,0.003697,0.003667,-0.003023
2.66,0.006016,0.003687,0.003658,-0.003036
2.664,0.00601,0.003677,0.003648,-0.003048
2.668,0.006003,0.003667,0.003638,-0.003059
2.675,0.005996,0.003657,0.003628,-0.003069
2.678,0.005989,0.003647,0.003618,-0.003078
2.682,0.005981,0.003637,0.003608,-0.003086
2.686,0.005972,0.003627,0.003598,-0.003094
2.69,0.005964,0.003617,0.003588,-0.003101
2.694,0.005955,0.003607,0.003578,-0.003107
2.697,0.005946,0.003598,0.003568,-0.003112
2.702,0.005937,0.003588,0.003559,-0.003117
2.706,0.005928,0.003579,0.003549,-0.003121
2.711,0.00592,0.00357,0.00354,-0.003125
2.714,0.005911,0.003561,0.003531,-0.003128
2.718,0.005902,0.003552,0.003523,-0.003131
2.722,0.005893,0.003544,0.003514,-0.003133
2.726,0.005884,0.003536,0.003506,-0.003135
2.73,0.005875,0.003528,0.003498,-0.003136
2.734,0.005866,0.00352,0.00349,-0.003137
2.737,0.005857,0.003512,0.003483,-0.003137
2.741,0.005848,0.003505,0.003475,-0.003138
2.744,0.00584,0.003497,0.003468,-0.003138
2.75,0.005831,0.00349,0.00346,-0.003137
2.758,0.005822,0.003483,0.003453,-0.003137
2.765,0.005813,0.003476,0.003446,-0.003136
2.768,0.005804,0.003469,0.00344,-0.003134
2.775,0.005795,0.003462,0.003433,-0.003133
2.781,0.005786,0.003456,0.003426,-0.003131
2.784,0.005778,0.003449,0.003419,-0.003129
2.787,0.005768,0.003442,0.003413,-0.003127
2.792,0.005759,0.003436,0.003406,-0.003125
2.796,0.00575,0.003429,0.003399,-0.003123
2.799,0.005741,0.003422,0.003393,-0.00312
2.804,0.005732,0.003416,0.003386,-0.003117
2.807,0.005722,0.003409,0.00338,-0.003114
2.812,0.005713,0.003403,0.003373,-0.003111
2.815,0.005703,0.003396,0.003367,-0.003108
2.819,0.005694,0.00339,0.00336,-0.003105
2.822,0.005684,0.003383,0.003354,-0.003101
2.826,0.005675,0.003377,0.003347,-0.003098
2.83,0.005665,0.00337,0.003341,-0.003094
2.834,0.005656,0.003364,0.003335,-0.003091
2.837,0.005646,0.003358,0.003328,-0.003087
2.841,0.005637,0.003351,0.003322,-0.003083
2.845,0.005627,0.003345,0.003316,-0.003079
2.849,0.005617,0.003339,0.003309,-0.003075
2.853,0.005608,0.003332,0.003303,-0.003071
2.856,0.005598,0.003326,0.003297,-0.003067
2.86,0.005588,0.00332,0.003291,-0.003063
2.864,0.005579,0.003314,0.003285,-0.003058
2.867,0.005569,0.003308,0.003279,-0.003054
2.871,0.00556,0.003302,0.003273,-0.00305
2.875,0.00555,0.003296,0.003267,-0.003045
2.879,0.005541,0.00329,0.003261,-0.003041
2.884,0.005531,0.003284,0.003255,-0.003036
2.887,0.005522,0.003278,0.003249,-0.003032
2.892,0.005512,0.003272,0.003243,-0.003027
2.896,0.005503,0.003266,0.003237,-0.003023
2.901,0.005494,0.00326,0.003231,-0.003018
2.905,0.005484,0.003254,0.003225,-0.003014
2.908,0.005475,0.003249,0.00322,-0.003009
2.912,0.005465,0.003243,0.003214,-0.003004
2.917,0.005456,0.003237,0.003208,-0.002999
2.92,0.005447,0.003231,0.003203,-0.002995
2.924,0.005437,0.003226,0.003197,-0.00299
2.928,0.005428,0.00322,0.003191,-0.002985
2.932,0.005419,0.003214,0.003186,-0.002981
2.935,0.005409,0.003209,0.00318,-0.002976
2.94,0.0054,0.003203,0.003174,-0.002971
2.943,0.005391,0.003197,0.003169,-0.002966
2.948,0.005382,0.003192,0.003163,-0.002961
2.951,0.005372,0.003186,0.003158,-0.002957
2.955,0.005363,0.00318,0.003152,-0.002952
2.96,0.005354,0.003175,0.003147,-0.002947
2.964,0.005345,0.003169,0.003141,-0.002942
2.969,0.005336,0.003164,0.003136,-0.002937
2.973,0.005326,0.003158,0.00313,-0.002932
2.977,0.005317,0.003153,0.003125,-0.002928
2.981,0.005308,0.003147,0.003119,-0.002923
2.986,0.005299,0.003142,0.003114,-0.002918
2.989,0.00529,0.003136,0.003108,-0.002913
2.993,0.005281,0.003131,0.003103,-0.002908
2.996,0.005272,0.003125,0.003097,-0.002903
3.001,0.005263,0.00312,0.003092,-0.002898
3.006,0.005253,0.003114,0.003087,-0.002894
3.01,0.005244,0.003109,0.003081,-0.002889
3.015,0.005235,0.003103,0.003076,-0.002884
3.02,0.005226,0.003098,0.00307,-0.002879
3.023,0.005217,0.003093,0.003065,-0.002874
3.027,0.005208,0.003087,0.00306,-0.002869
3.032,0.005199,0.003082,0.003054,-0.002865
3.036,0.00519,0.003077,0.003049,-0.00286
3.04,0.005181,0.003071,0.003044,-0.002855
3.045,0.005173,0.003066,0.003039,-0.00285
3.049,0.005164,0.003061,0.003033,-0.002845
3.053,0.005155,0.003055,0.003028,-0.00284
3.056,0.005146,0.00305,0.003023,-0.002836
3.061,0.005137,0.003045,0.003017,-0.002831
3.064,0.005128,0.003039,0.003012,-0.002826
3.069,0.005119,0.003034,0.003007,-0.002821
3.073,0.00511,0.003029,0.003002,-0.002816
3.076,0.005102,0.003024,0.002997,-0.002812
3.08,0.005093,0.003018,0.002991,-0.002807
3.085,0.005084,0.003013,0.002986,-0.002802
3.09,0.005075,0.003008,0.002981,-0.002797
3.094,0.005067,0.003003,0.002976,-0.002792
3.097,0.005058,0.002998,0.002971,-0.002788
3.102,0.005049,0.002992,0.002966,-0.002783
3.105,0.00504,0.002987,0.002961,-0.002778
3.109,0.005032,0.002982,0.002955,-0.002773
3.113,0.005023,0.002977,0.00295,-0.002769
3.115,0.005014,0.002972,0.002945,-0.002764
3.12,0.005006,0.002967,0.00294,-0.002759
3.123,0.004997,0.002961,0.002935,-0.002755
3.126,0.004989,0.002956,0.00293,-0.00275
3.131,0.00498,0.002951,0.002925,-0.002745
3.134,0.004971,0.002946,0.00292,-0.00274
3.137,0.004963,0.002941,0.002915,-0.002736
3.142,0.004954,0.002936,0.00291,-0.002731
3.145,0.004946,0.002931,0.002905,-0.002726
3.149,0.004937,0.002926,0.0029,-0.002722
3.152,0.004929,0.002921,0.002895,-0.002717
3.155,0.00492,0.002916,0.00289,-0.002712
3.16,0.004912,0.002911,0.002885,-0.002708
3.164,0.004903,0.002906,0.00288,-0.002703
3.167,0.004895,0.002901,0.002875,-0.002699
3.171,0.004886,0.002896,0.00287,-0.002694
3.174,0.004878,0.002891,0.002865,-0.002689
3.178,0.00487,0.002886,0.00286,-0.002685
3.183,0.004861,0.002881,0.002855,-0.00268
3.186,0.004853,0.002876,0.00285,-0.002676
3.19,0.004844,0.002871,0.002845,-0.002671
3.194,0.004836,0.002866,0.00284,-0.002666
3.197,0.004828,0.002861,0.002835,-0.002662
3.202,0.004819,0.002856,0.00283,-0.002657
3.205,0.004811,0.002851,0.002825,-0.002653
3.209,0.004803,0.002846,0.002821,-0.002648
3.213,0.004795,0.002841,0.002816,-0.002644
3.216,0.004786,0.002836,0.002811,-0.002639
3.22,0.004778,0.002831,0.002806,-0.002634
3.224,0.00477,0.002826,0.002801,-0.00263
3.229,0.004762,0.002821,0.002796,-0.002625
3.234,0.004753,0.002817,0.002792,-0.002621
3.237,0.004745,0.002812,0.002787,-0.002616
3.241,0.004737,0.002807,0.002782,-0.002612
3.246,0.004729,0.002802,0.002777,-0.002607
3.25,0.004721,0.002797,0.002772,-0.002603
3.253,0.004713,0.002792,0.002768,-0.002599
3.256,0.004704,0.002787,0.002763,-0.002594
3.261,0.004696,0.002783,0.002758,-0.00259
3.264,0.004688,0.002778,0.002753,-0.002585
3.267,0.00468,0.002773,0.002748,-0.002581
3.272,0.004672,0.002768,0.002744,-0.002576
3.276,0.004664,0.002763,0.002739,-0.002572
3.281,0.004656,0.002759,0.002734,-0.002567
3.285,0.004648,0.002754,0.00273,-0.002563
3.29,0.00464,0.002749,0.002725,-0.002559
3.294,0.004632,0.002744,0.00272,-0.002554
3.298,0.004624,0.00274,0.002715,-0.00255
3.302,0.004616,0.002735,0.002711,-0.002546
3.307,0.004608,0.00273,0.002706,-0.002541
3.311,0.0046,0.002726,0.002701,-0.002537
3.315,0.004592,0.002721,0.002697,-0.002532
3.319,0.004584,0.002716,0.002692,-0.002528
3.323,0.004576,0.002711,0.002687,-0.002524
3.327,0.004569,0.002707,0.002683,-0.002519
3.331,0.004561,0.002702,0.002678,-0.002515
3.338,0.004553,0.002697,0.002674,-0.002511
3.342,0.004545,0.002693,0.002669,-0.002506
3.346,0.004537,0.002688,0.002664,-0.002502
3.352,0.004529,0.002683,0.00266,-0.002498
3.356,0.004522,0.002679,0.002655,-0.002494
3.362,0.004514,0.002674,0.002651,-0.002489
3.367,0.004506,0.00267,0.002646,-0.002485
3.37,0.004498,0.002665,0.002641,-0.002481
3.375,0.00449,0.00266,0.002637,-0.002477
3.381,0.004483,0.002656,0.002632,-0.002472
3.388,0.004475,0.002651,0.002628,-0.002468
3.393,0.004467,0.002647,0.002623,-0.002464
3.396,0.00446,0.002642,0.002619,-0.00246
3.401,0.004452,0.002637,0.002614,-0.002455
3.404,0.004444,0.002633,0.00261,-0.002451
3.408,0.004437,0.002628,0.002605,-0.002447
3.412,0.004429,0.002624,0.002601,-0.002443
3.417,0.004421,0.002619,0.002596,-0.002438
3.42,0.004414,0.002615,0.002592,-0.002434
3.425,0.004406,0.00261,0.002587,-0.00243
3.429,0.004398,0.002606,0.002583,-0.002426
3.433,0.004391,0.002601,0.002578,-0.002422
3.438,0.004383,0.002597,0.002574,-0.002418
3.442,0.004376,0.002592,0.002569,-0.002413
3.446,0.004368,0.002588,0.002565,-0.002409
3.451,0.004361,0.002583,0.002561,-0.002405
3.454,0.004353,0.002579,0.002556,-0.002401
3.458,0.004346,0.002574,0.002552,-0.002397
3.463,0.004338,0.00257,0.002547,-0.002393
3.466,0.004331,0.002566,0.002543,-0.002389
3.47,0.004323,0.002561,0.002539,-0.002385
3.474,0.004316,0.002557,0.002534,-0.002381
3.478,0.004308,0.002552,0.00253,-0.002376
3.482,0.004301,0.002548,0.002526,-0.002372
3.486,0.004294,0.002543,0.002521,-0.002368
3.49,0.004286,0.002539,0.002517,-0.002364
3.494,0.004279,0.002535,0.002512,-0.00236
3.498,0.004271,0.00253,0.002508,-0.002356
3.502,0.004264,0.002526,0.002504,-0.002352
3.506,0.004257,0.002522,0.002499,-0.002348
3.51,0.004249,0.002517,0.002495,-0.002344
3.514,0.004242,0.002513,0.002491,-0.00234
3.517,0.004235,0.002509,0.002487,-0.002336
3.52,0.004227,0.002504,0.002482,-0.002332
3.523,0.00422,0.0025,0.002478,-0.002328
3.527,0.004213,0.002496,0.002474,-0.002324
3.532,0.004206,0.002491,0.002469,-0.00232
3.535,0.004198,0.002487,0.002465,-0.002316
3.539,0.004191,0.002483,0.002461,-0.002312
3.542,0.004184,0.002478,0.002457,-0.002308
3.546,0.004177,0.002474,0.002452,-0.002304
3.55,0.004169,0.00247,0.002448,-0.0023
3.554,0.004162,0.002466,0.002444,-0.002296
3.557,0.004155,0.002461,0.00244,-0.002292
3.562,0.004148,0.002457,0.002436,-0.002288
3.566,0.004141,0.002453,0.002431,-0.002284
3.57,0.004134,0.002449,0.002427,-0.00228
3.574,0.004127,0.002444,0.002423,-0.002276
3.577,0.004119,0.00244,0.002419,-0.002273
3.581,0.004112,0.002436,0.002415,-0.002269
3.585,0.004105,0.002432,0.00241,-0.002265
3.589,0.004098,0.002428,0.002406,-0.002261
3.593,0.004091,0.002423,0.002402,-0.002257
3.597,0.004084,0.002419,0.002398,-0.002253
3.601,0.004077,0.002415,0.002394,-0.002249
3.606,0.00407,0.002411,0.00239,-0.002245
3.61,0.004063,0.002407,0.002386,-0.002242
3.614,0.004056,0.002402,0.002381,-0.002238
3.619,0.004049,0.002398,0.002377,-0.002234
3.622,0.004042,0.002394,0.002373,-0.00223
3.629,0.004035,0.00239,0.002369,-0.002226
3.633,0.004028,0.002386,0.002365,-0.002222
3.637,0.004021,0.002382,0.002361,-0.002219
3.642,0.004014,0.002378,0.002357,-0.002215
3.647,0.004007,0.002374,0.002353,-0.002211
3.652,0.004,0.002369,0.002349,-0.002207
3.656,0.003993,0.002365,0.002345,-0.002203
3.66,0.003987,0.002361,0.002341,-0.0022
3.664,0.00398,0.002357,0.002337,-0.002196
3.669,0.003973,0.002353,0.002333,-0.002192
3.673,0.003966,0.002349,0.002329,-0.002188
3.678,0.003959,0.002345,0.002325,-0.002184
3.684,0.003952,0.002341,0.002321,-0.002181
3.687,0.003946,0.002337,0.002317,-0.002177
3.691,0.003939,0.002333,0.002313,-0.002173
3.694,0.003932,0.002329,0.002309,-0.00217
3.699,0.003925,0.002325,0.002305,-0.002166
3.702,0.003918,0.002321,0.002301,-0.002162
3.706,0.003912,0.002317,0.002297,-0.002158
3.709,0.003905,0.002313,0.002293,-0.002155
3.712,0.003898,0.002309,0.002289,-0.002151
3.717,0.003891,0.002305,0.002285,-0.002147
3.72,0.003885,0.002301,0.002281,-0.002144
3.725,0.003878,0.002297,0.002277,-0.00214
3.729,0.003871,0.002293,0.002273,-0.002136
3.732,0.003865,0.002289,0.002269,-0.002133
3.736,0.003858,0.002285,0.002265,-0.002129
3.74,0.003851,0.002281,0.002261,-0.002125
3.744,0.003845,0.002277,0.002257,-0.002122
3.747,0.003838,0.002273,0.002253,-0.002118
3.751,0.003831,0.002269,0.00225,-0.002114
3.755,0.003825,0.002265,0.002246,-0.002111
3.758,0.003818,0.002261,0.002242,-0.002107
3.761,0.003812,0.002258,0.002238,-0.002103
3.766,0.003805,0.002254,0.002234,-0.0021
3.769,0.003799,0.00225,0.00223,-0.002096
3.773,0.003792,0.002246,0.002226,-0.002093
3.776,0.003786,0.002242,0.002223,-0.002089
3.78,0.003779,0.002238,0.002219,-0.002085
3.784,0.003772,0.002234,0.002215,-0.002082
3.788,0.003766,0.00223,0.002211,-0.002078
3.791,0.003759,0.002226,0.002207,-0.002075
3.796,0.003753,0.002223,0.002203,-0.002071
3.8,0.003747,0.002219,0.0022,-0.002068
3.804,0.00374,0.002215,0.002196,-0.002064
3.808,0.003734,0.002211,0.002192,-0.00206
3.811,0.003727,0.002207,0.002188,-0.002057
3.816,0.003721,0.002204,0.002184,-0.002053
3.821,0.003714,0.0022,0.002181,-0.00205
3.825,0.003708,0.002196,0.002177,-0.002046
3.829,0.003702,0.002192,0.002173,-0.002043
3.834,0.003695,0.002188,0.002169,-0.002039
3.837,0.003689,0.002185,0.002166,-0.002036
3.841,0.003682,0.002181,0.002162,-0.002032
3.844,0.003676,0.002177,0.002158,-0.002029
3.849,0.00367,0.002173,0.002155,-0.002025
3.852,0.003663,0.002169,0.002151,-0.002022
3.856,0.003657,0.002166,0.002147,-0.002018
3.86,0.003651,0.002162,0.002143,-0.002015
3.863,0.003645,0.002158,0.00214,-0.002012
3.867,0.003638,0.002155,0.002136,-0.002008
3.871,0.003632,0.002151,0.002132,-0.002005
3.875,0.003626,0.002147,0.002129,-0.002001
3.879,0.003619,0.002143,0.002125,-0.001998
3.885,0.003613,0.00214,0.002121,-0.001994
3.889,0.003607,0.002136,0.002118,-0.001991
3.892,0.003601,0.002132,0.002114,-0.001987
3.897,0.003595,0.002129,0.00211,-0.001984
3.901,0.003588,0.002125,0.002107,-0.001981
3.906,0.003582,0.002121,0.002103,-0.001977
3.91,0.003576,0.002118,0.002099,-0.001974
3.914,0.00357,0.002114,0.002096,-0.00197
3.919,0.003564,0.00211,0.002092,-0.001967
3.923,0.003558,0.002107,0.002089,-0.001964
3.927,0.003551,0.002103,0.002085,-0.00196
3.931,0.003545,0.002099,0.002081,-0.001957
3.935,0.003539,0.002096,0.002078,-0.001954
3.939,0.003533,0.002092,0.002074,-0.00195
3.942,0.003527,0.002089,0.002071,-0.001947
3.946,0.003521,0.002085,0.002067,-0.001944
3.95,0.003515,0.002081,0.002063,-0.00194
3.953,0.003509,0.002078,0.00206,-0.001937
3.957,0.003503,0.002074,0.002056,-0.001934
3.961,0.003497,0.002071,0.002053,-0.00193
3.964,0.003491,0.002067,0.002049,-0.001927
3.97,0.003485,0.002063,0.002046,-0.001924
3.975,0.003479,0.00206,0.002042,-0.00192
3.981,0.003473,0.002056,0.002039,-0.001917
3.986,0.003467,0.002053,0.002035,-0.001914
3.991,0.003461,0.002049,0.002032,-0.00191
3.996,0.003455,0.002046,0.002028,-0.001907
4.0,0.003449,0.002042,0.002025,-0.001904
4.004,0.003443,0.002039,0.002021,-0.001901
4.008,0.003437,0.002035,0.002018,-0.001897
4.011,0.003431,0.002032,0.002014,-0.001894
4.016,0.003425,0.002028,0.002011,-0.001891
4.02,0.003419,0.002025,0.002007,-0.001888
4.024,0.003413,0.002021,0.002004,-0.001884
4.029,0.003407,0.002018,0.002,-0.001881
4.032,0.003401,0.002014,0.001997,-0.001878
4.036,0.003396,0.002011,0.001993,-0.001875
4.039,0.00339,0.002007,0.00199,-0.001871
4.043,0.003384,0.002004,0.001986,-0.001868
4.047,0.003378,0.002,0.001983,-0.001865
4.051,0.003372,0.001997,0.00198,-0.001862
4.055,0.003366,0.001993,0.001976,-0.001859
4.059,0.003361,0.00199,0.001973,-0.001855
4.063,0.003355,0.001986,0.001969,-0.001852
4.066,0.003349,0.001983,0.001966,-0.001849
4.071,0.003343,0.00198,0.001963,-0.001846
4.075,0.003338,0.001976,0.001959,-0.001843
4.078,0.003332,0.001973,0.001956,-0.00184
4.082,0.003326,0.001969,0.001952,-0.001836
4.087,0.00332,0.001966,0.001949,-0.001833
4.091,0.003315,0.001962,0.001946,-0.00183
4.096,0.003309,0.001959,0.001942,-0.001827
4.1,0.003303,0.001956,0.001939,-0.001824
4.104,0.003297,0.001952,0.001936,-0.001821
4.107,0.003292,0.001949,0.001932,-0.001818
4.111,0.003286,0.001946,0.001929,-0.001814
4.115,0.00328,0.001942,0.001926,-0.001811
4.119,0.003275,0.001939,0.001922,-0.001808
4.122,0.003269,0.001935,0.001919,-0.001805
4.126,0.003263,0.001932,0.001916,-0.001802
4.13,0.003258,0.001929,0.001912,-0.001799
4.135,0.003252,0.001925,0.001909,-0.001796
4.139,0.003247,0.001922,0.001906,-0.001793
4.145,0.003241,0.001919,0.001903,-0.00179
4.149,0.003235,0.001916,0.001899,-0.001787
4.155,0.00323,0.001912,0.001896,-0.001783
4.16,0.003224,0.001909,0.001893,-0.00178
4.165,0.003219,0.001906,0.001889,-0.001777
4.17,0.003213,0.001902,0.001886,-0.001774
4.176,0.003208,0.001899,0.001883,-0.001771
4.181,0.003202,0.001896,0.00188,-0.001768
4.185,0.003197,0.001892,0.001876,-0.001765
4.189,0.003191,0.001889,0.001873,-0.001762
4.195,0.003186,0.001886,0.00187,-0.001759
4.2,0.00318,0.001883,0.001867,-0.001756
4.206,0.003175,0.001879,0.001863,-0.001753
4.211,0.003169,0.001876,0.00186,-0.00175
4.216,0.003164,0.001873,0.001857,-0.001747
4.221,0.003158,0.00187,0.001854,-0.001744
4.227,0.003153,0.001866,0.001851,-0.001741
4.235,0.003147,0.001863,0.001847,-0.001738
4.243,0.003142,0.00186,0.001844,-0.001735
4.248,0.003136,0.001857,0.001841,-0.001732
4.253,0.003131,0.001854,0.001838,-0.001729
4.259,0.003126,0.00185,0.001835,-0.001726
4.263,0.00312,0.001847,0.001832,-0.001723
4.268,0.003115,0.001844,0.001828,-0.00172
4.271,0.00311,0.001841,0.001825,-0.001717
4.275,0.003104,0.001838,0.001822,-0.001714
4.279,0.003099,0.001834,0.001819,-0.001711
4.284,0.003093,0.001831,0.001816,-0.001708
4.288,0.003088,0.001828,0.001813,-0.001706
4.293,0.003083,0.001825,0.00181,-0.001703
4.297,0.003078,0.001822,0.001806,-0.0017
4.301,0.003072,0.001819,0.001803,-0.001697
4.305,0.003067,0.001816,0.0018,-0.001694
4.309,0.003062,0.001812,0.001797,-0.001691
4.313,0.003056,0.001809,0.001794,-0.001688
4.318,0.003051,0.001806,0.001791,-0.001685
4.322,0.003046,0.001803,0.001788,-0.001682
4.326,0.003041,0.0018,0.001785,-0.001679
4.331,0.003035,0.001797,0.001782,-0.001676
4.335,0.00303,0.001794,0.001779,-0.001674
4.339,0.003025,0.001791,0.001775,-0.001671
4.343,0.00302,0.001787,0.001772,-0.001668
4.347,0.003014,0.001784,0.001769,-0.001665
4.351,0.003009,0.001781,0.001766,-0.001662
4.356,0.003004,0.001778,0.001763,-0.001659
4.358,0.002999,0.001775,0.00176,-0.001656
4.362,0.002994,0.001772,0.001757,-0.001654
4.369,0.002989,0.001769,0.001754,-0.001651
4.374,0.002983,0.001766,0.001751,-0.001648
4.38,0.002978,0.001763,0.001748,-0.001645
4.384,0.002973,0.00176,0.001745,-0.001642
4.387,0.002968,0.001757,0.001742,-0.001639
4.392,0.002963,0.001754,0.001739,-0.001637
4.395,0.002958,0.001751,0.001736,-0.001634
4.398,0.002953,0.001748,0.001733,-0.001631
4.403,0.002948,0.001745,0.00173,-0.001628
4.406,0.002942,0.001742,0.001727,-0.001625
4.41,0.002937,0.001739,0.001724,-0.001623
4.413,0.002932,0.001736,0.001721,-0.00162
4.417,0.002927,0.001733,0.001718,-0.001617
4.421,0.002922,0.00173,0.001715,-0.001614
4.424,0.002917,0.001727,0.001712,-0.001611
4.428,0.002912,0.001724,0.001709,-0.001609
4.431,0.002907,0.001721,0.001706,-0.001606
4.435,0.002902,0.001718,0.001703,-0.001603
4.439,0.002897,0.001715,0.0017,-0.0016
4.442,0.002892,0.001712,0.001697,-0.001598
4.445,0.002887,0.001709,0.001695,-0.001595
4.45,0.002882,0.001706,0.001692,-0.001592
4.453,0.002877,0.001703,0.001689,-0.001589
4.458,0.002872,0.0017,0.001686,-0.001587
4.462,0.002867,0.001697,0.001683,-0.001584
4.465,0.002862,0.001694,0.00168,-0.001581
4.469,0.002857,0.001691,0.001677,-0.001579
4.472,0.002852,0.001688,0.001674,-0.001576
4.479,0.002848,0.001685,0.001671,-0.001573
4.484,0.002843,0.001682,0.001668,-0.00157
4.488,0.002838,0.00168,0.001666,-0.001568
4.492,0.002833,0.001677,0.001663,-0.001565
4.496,0.002828,0.001674,0.00166,-0.001562
4.5,0.002823,0.001671,0.001657,-0.00156
4.505,0.002818,0.001668,0.001654,-0.001557
4.509,0.002813,0.001665,0.001651,-0.001554
4.513,0.002808,0.001662,0.001648,-0.001552
4.518,0.002804,0.001659,0.001645,-0.001549
4.521,0.002799,0.001656,0.001643,-0.001546
4.525,0.002794,0.001654,0.00164,-0.001544
4.529,0.002789,0.001651,0.001637,-0.001541
4.534,0.002784,0.001648,0.001634,-0.001538
4.537,0.00278,0.001645,0.001631,-0.001536
4.542,0.002775,0.001642,0.001629,-0.001533
4.547,0.00277,0.001639,0.001626,-0.00153
4.553,0.002765,0.001637,0.001623,-0.001528
4.558,3.998367,-3.998366,0.00162,-0.001525
4.562,3.998148,-3.998144,0.001442,-0.005393
4.565,3.996248,-3.996227,-0.00013,-0.013125
4.571,3.991486,-3.991457,-0.005275,-0.0143
4.575,3.984051,-3.984025,-0.013886,-0.002962
4.579,3.972962,-3.972862,-0.026133,0.010703
4.584,3.957128,-3.95687,-0.042821,0.014609
4.588,3.936631,-3.9361,-0.063722,0.01125
4.592,3.912,-3.910997,-0.088097,0.009144
4.596,3.883372,-3.881639,-0.11552,0.010327
4.601,3.850552,-3.847772,-0.145829,0.011582
4.606,3.813443,-3.809235,-0.178766,0.011009
4.61,3.772275,-3.766195,-0.213835,0.010225
4.615,3.727278,-3.718835,-0.250525,0.010303
4.617,3.678457,-3.667114,-0.288479,0.010189
4.621,3.625896,-3.611078,-0.327325,0.009686
4.626,3.569798,-3.550908,-0.366637,0.009491
4.63,3.51027,-3.486698,-0.406018,0.00914
4.633,3.447463,-3.418602,-0.445072,0.008614
4.636,3.381563,-3.346823,-0.483402,0.008232
4.64,3.312709,-3.271532,-0.520634,0.007823
4.646,3.241047,-3.192921,-0.556406,0.007375
4.65,3.166727,-3.1112,-0.590373,0.006997
4.653,3.08987,-3.026568,-0.622207,0.006625
4.658,3.010597,-2.939231,-0.651596,0.006253
4.661,2.929015,-2.849399,-0.678246,0.00592
4.666,2.845216,-2.757279,-0.70188,0.005601
4.67,2.759278,-2.663074,-0.722236,0.005295
4.674,2.671269,-2.566987,-0.739072,0.005014
4.679,2.581238,-2.469216,-0.752158,0.00475
4.682,2.489225,-2.369951,-0.761284,0.004503
4.687,2.395254,-2.26938,-0.76625,0.004276
4.692,2.299339,-2.167682,-0.766876,0.004067
4.696,2.20148,-2.065029,-0.762992,0.003874
4.7,2.10167,-1.961586,-0.754442,0.003699
4.705,1.99989,-1.857509,-0.741085,0.003541
4.71,1.896122,-1.75295,-0.722797,0.003399
4.714,1.790454,-1.648124,-0.699572,0.003572
4.718,1.683068,-1.54336,-0.67137,0.004262
4.722,1.574228,-1.43908,-0.638136,0.005168
4.726,1.464231,-1.335653,-0.599978,0.005747
4.731,1.353611,-1.233567,-0.557261,0.005967
4.735,1.243164,-1.133366,-0.510783,0.006203
4.74,1.133714,-1.035546,-0.461426,0.00618
4.744,1.025921,-0.940517,-0.409764,0.005875
4.748,0.920461,-0.848662,-0.356356,0.005607
4.753,0.818028,-0.760334,-0.30172,0.005278
4.756,0.719366,-0.675853,-0.246346,0.004887
4.761,0.625316,-0.595512,-0.190696,0.004541
4.765,0.536897,-0.51958,-0.135194,0.004196
4.769,0.455445,-0.448304,-0.080242,0.003851
4.773,0.382823,-0.381908,-0.026219,0.00354
4.776,0.321711,-0.320599,0.026523,0.003248
4.781,0.275744,-0.264567,0.077651,0.002972
4.785,0.248776,-0.213986,0.126855,0.002724
4.789,0.242439,-0.16896,0.173841,0.002886
4.793,0.253936,-0.129622,0.218335,0.00342
4.798,0.277292,-0.096116,0.260071,0.003941
4.803,0.306599,-0.068576,0.298801,0.004205
4.806,0.337625,-0.047104,0.334295,0.004278
4.812,0.367742,-0.031774,0.366341,0.004372
4.815,0.395409,-0.022631,0.394734,0.004602
4.819,0.419744,-0.019466,0.419263,0.004912
4.823,0.440285,-0.021867,0.439711,0.005182
4.826,0.456846,-0.029221,0.455877,0.005542
4.831,0.469361,-0.040643,0.467558,0.006079
4.834,0.477757,-0.055237,0.474514,0.006107
4.838,0.482093,-0.072398,0.476589,0.00588
4.842,0.482452,-0.091551,0.473651,0.005736
4.846,0.478889,-0.112153,0.465539,0.005453
4.85,0.471558,-0.133683,0.45218,0.005307
4.853,0.460647,-0.155658,0.433516,0.005515
4.857,0.446537,-0.177616,0.40965,0.005885
4.861,0.429865,-0.199116,0.380919,0.006129
4.864,0.411588,-0.219738,0.34796,0.006553
4.867,0.392815,-0.239079,0.311609,0.006704
4.872,0.374603,-0.25676,0.272692,0.006406
4.875,0.357797,-0.272444,0.231852,0.006141
4.879,0.343061,-0.285807,0.189661,0.005821
4.883,0.330881,-0.296548,0.14667,0.005389
4.886,0.321515,-0.304394,0.103399,0.005018
4.891,0.314949,-0.309082,0.060328,0.004657
4.894,0.310968,-0.310419,0.01791,0.004564
4.899,0.30913,-0.308203,-0.023432,0.00482
4.903,0.30883,-0.302227,-0.063308,0.005173
4.909,0.309425,-0.292308,-0.101346,0.005369
4.913,0.31048,-0.278472,-0.137195,0.00537
4.917,0.311769,-0.260944,-0.170528,0.005316
4.921,0.313201,-0.240103,-0.201039,0.005336
4.926,0.314797,-0.216504,-0.22845,0.005792
4.932,0.316561,-0.190879,-0.252466,0.006081
4.936,0.318373,-0.164003,-0.272819,0.005835
4.942,0.3199,-0.136426,-0.289297,0.005616
4.947,0.320689,-0.108641,-0.301678,0.005366
4.952,0.32024,-0.081129,-0.309753,0.004974
4.956,0.318055,-0.054341,-0.313344,0.004649
4.962,0.313681,-0.028694,-0.312331,0.004675
4.966,0.306643,-0.004577,-0.306568,0.005026
4.971,0.296489,0.017637,-0.295914,0.005405
4.976,0.282965,0.037602,-0.2804,0.005581
4.979,0.266097,0.054994,-0.260293,0.005568
4.983,0.24613,0.069552,-0.236034,0.005532
4.986,0.223522,0.081017,-0.208247,0.005594
4.991,0.19885,0.089144,-0.177657,0.005737
4.995,0.172674,0.093694,-0.144926,0.00586
5.0,0.145658,0.094522,-0.110665,0.005907
5.005,0.118861,0.091659,-0.075444,0.005897
5.009,0.094278,0.085263,-0.039799,0.005874
5.014,0.075975,0.07563,-0.004232,0.005867
5.017,0.070521,0.063171,0.030792,0.005874
5.021,0.081186,0.04844,0.064838,0.006386
5.025,0.102848,0.032097,0.097498,0.006452
5.029,0.129392,0.014836,0.128396,0.006053
5.033,0.157319,-0.002832,0.157186,0.005813
5.037,0.184752,-0.020446,0.183536,0.005454
5.042,0.210579,-0.037559,0.207142,0.004986
5.046,0.234029,-0.053753,0.227726,0.004622
5.05,0.254488,-0.068641,0.245019,0.004252
5.055,0.271442,-0.08186,0.258776,0.003875
5.059,0.284479,-0.093115,0.268782,0.003822
5.064,0.293211,-0.102105,0.274827,0.004158
5.068,0.297239,-0.108515,0.27669,0.004281
5.072,0.296228,-0.11209,0.27417,0.004139
5.077,0.289967,-0.112768,0.267106,0.004377
5.081,0.278389,-0.110531,0.25546,0.004803
5.086,0.26168,-0.105344,0.239489,0.004927
5.09,0.240328,-0.097327,0.21968,0.005075
5.093,0.214987,-0.086767,0.196621,0.00557
5.097,0.186395,-0.074089,0.170929,0.006116
5.101,0.155398,-0.059821,0.143258,0.006852
5.105,0.12279,-0.044597,0.11419,0.007017
5.109,0.089425,-0.029095,0.084291,0.006727
5.112,0.056215,-0.013833,0.054101,0.006472
5.118,0.024869,0.00075,0.024107,0.006066
5.122,0.016157,0.014233,-0.005232,0.005576
5.126,0.042844,0.026223,-0.033487,0.005158
5.13,0.070579,0.036396,-0.06026,0.005047
5.134,0.096218,0.044436,-0.085181,0.005241
5.138,0.119087,0.050097,-0.107897,0.005479
5.142,0.138807,0.053221,-0.128079,0.005551
5.146,0.155132,0.053751,-0.145419,0.005472
5.151,0.167892,0.051781,-0.159609,0.005614
5.155,0.17692,0.047494,-0.170321,0.005975
5.159,0.182149,0.04104,-0.177356,0.006243
5.163,0.183531,0.032699,-0.180487,0.006239
5.165,0.18107,0.022826,-0.179523,0.006069
5.169,0.174871,0.011815,-0.17437,0.005957
5.173,0.165238,9.4e-05,-0.16513,0.005986
5.176,0.152637,-0.011883,-0.152053,0.00607
5.18,0.137733,-0.023661,-0.135548,0.006102
5.184,0.121486,-0.034794,-0.116215,0.006512
5.187,0.105056,-0.044855,-0.094773,0.006536
5.191,0.089941,-0.0535,-0.071957,0.00703
5.196,0.077716,-0.060419,-0.048274,0.007683
5.202,0.070141,-0.065365,-0.024233,0.007742
5.205,0.068567,-0.068181,-0.000323,0.007258
5.209,0.072866,-0.068809,0.023012,0.006729
5.213,0.081394,-0.067273,0.045352,0.006524
5.217,0.092161,-0.063664,0.066308,0.006613
5.221,0.103627,-0.058143,0.085514,0.006732
5.225,0.114768,-0.050943,0.102625,0.006687
5.229,0.124923,-0.042375,0.117322,0.006757
5.232,0.13359,-0.03276,0.129328,0.006864
5.236,0.140362,-0.022454,0.138386,0.006827
5.24,0.144889,-0.011843,0.144251,0.006665
5.243,0.146845,-0.001329,0.146695,0.006497
5.248,0.145939,0.008702,0.145538,0.006415
5.251,0.142056,0.017885,0.14078,0.006407
5.254,0.135223,0.025887,0.132568,0.006405
5.259,0.125641,0.03237,0.121234,0.006339
5.262,0.113634,0.037068,0.107232,0.006318
5.265,0.099565,0.039883,0.091006,0.006372
5.269,0.083941,0.040739,0.073115,0.006382
5.274,0.0674,0.039635,0.054151,0.006279
5.277,0.050822,0.036661,0.03466,0.006125
5.281,0.035887,0.031973,0.015151,0.006001
5.284,0.026744,0.025785,-0.003897,0.005932
5.288,0.029285,0.018364,-0.022038,0.005891
5.292,0.040559,0.010023,-0.038858,0.005884
5.295,0.054331,0.001117,-0.053974,0.006122
5.299,0.067766,-0.007982,-0.067007,0.006214
5.303,0.079654,-0.016918,-0.077602,0.00604
5.306,0.089366,-0.025384,-0.085487,0.005822
5.311,0.096423,-0.033072,-0.090393,0.005722
5.315,0.100496,-0.039701,-0.092143,0.005746
5.317,0.101427,-0.045041,-0.090692,0.005802
5.322,0.099223,-0.048881,-0.086143,0.005927
5.325,0.094042,-0.051049,-0.078739,0.006171
5.328,0.086128,-0.051513,-0.068735,0.006317
5.332,0.075903,-0.050291,-0.056509,0.006226
5.335,0.064011,-0.047462,-0.04253,0.005992
5.339,0.051423,-0.043183,-0.027311,0.005801
5.343,0.039755,-0.037654,-0.011388,0.005736
5.346,0.031993,-0.031116,0.004735,0.00574
5.352,0.032012,-0.023841,0.020585,0.005717
5.356,0.039609,-0.016133,0.035724,0.005691
5.36,0.050773,-0.008315,0.049743,0.00586
5.365,0.062584,-0.000707,0.06226,0.006321
5.37,0.073552,0.006422,0.072949,0.006868
5.374,0.082776,0.012811,0.081479,0.006998
5.377,0.089677,0.018231,0.087552,0.00665
5.382,0.093904,0.022492,0.09096,0.006201
5.385,0.095319,0.025439,0.091648,0.00626
5.389,0.093815,0.026913,0.089647,0.006348
5.393,0.089413,0.026834,0.085074,0.006079
5.396,0.082362,0.025199,0.078185,0.005973
5.401,0.072999,0.02206,0.069304,0.00625
5.406,0.061714,0.01757,0.058772,0.006773
5.411,0.048975,0.011958,0.046946,0.00718
5.415,0.035441,0.005483,0.034255,0.007255
5.419,0.022378,-0.00157,0.021158,0.007115
5.424,0.013962,-0.008892,0.008129,0.007057
5.427,0.018265,-0.016159,-0.004373,0.007305
5.431,0.029084,-0.023056,-0.015927,0.007786
5.435,0.040052,-0.029297,-0.026142,0.007901
5.44,0.049612,-0.034655,-0.034701,0.007498
5.444,0.057231,-0.03894,-0.041359,0.006963
5.449,0.062638,-0.042008,-0.045945,0.006922
5.454,0.06558,-0.043744,-0.048331,0.007157
5.457,0.065892,-0.044067,-0.048476,0.007063
5.462,0.063621,-0.042952,-0.046453,0.006696
5.466,0.058951,-0.040433,-0.042429,0.006341
5.469,0.052134,-0.036607,-0.036621,0.006065
5.474,0.043512,-0.031626,-0.029303,0.005873
5.477,0.033562,-0.025684,-0.020801,0.005842
5.482,0.023016,-0.018996,-0.01149,0.00607
5.485,0.013535,-0.011794,-0.001774,0.006399
5.489,0.011281,-0.004344,0.007952,0.00672
5.492,0.018914,0.003053,0.017319,0.006963
5.496,0.028783,0.010065,0.02601,0.007113
5.499,0.038245,0.016386,0.033744,0.007451
5.503,0.046492,0.021792,0.040289,0.007962
5.508,0.05304,0.02606,0.045439,0.00833
5.511,0.057567,0.029021,0.049033,0.008215
5.516,0.059958,0.030541,0.050989,0.0079
5.52,0.060183,0.030552,0.05129,0.007611
5.524,0.058258,0.029067,0.049959,0.007292
5.528,0.054297,0.02616,0.047075,0.006918
5.532,0.048528,0.021959,0.042777,0.006548
5.535,0.041273,0.016642,0.037257,0.006198
5.538,0.032991,0.010429,0.030748,0.005851
5.543,0.024413,0.003571,0.023514,0.005507
5.547,0.017067,-0.00366,0.015845,0.005177
5.551,0.014453,-0.010981,0.00804,0.004865
5.555,0.018678,-0.018106,0.000399,0.004569
5.56,0.026034,-0.024764,-0.00679,0.004291
5.564,0.033718,-0.030709,-0.013258,0.004252
5.568,0.040601,-0.035743,-0.018801,0.004178
5.573,0.046156,-0.03969,-0.02323,0.003935
5.578,0.050099,-0.042416,-0.026406,0.003684
5.582,0.052244,-0.043826,-0.028224,0.003479
5.587,0.052501,-0.04388,-0.028638,0.003283
5.591,0.050876,-0.042591,-0.027656,0.003085
5.595,0.047461,-0.040024,-0.025341,0.002899
5.598,0.042427,-0.036292,-0.021805,0.002725
5.602,0.03603,-0.031552,-0.017207,0.00256
5.605,0.028627,-0.025997,-0.011742,0.002401
5.61,0.020758,-0.01985,-0.005638,0.00225
5.613,0.013546,-0.013353,0.000857,0.002109
5.619,0.010279,-0.006759,0.007487,0.001977
5.622,0.014115,-0.000322,0.013989,0.001854
5.627,0.020982,0.005714,0.020114,0.001741
5.629,0.027993,0.011128,0.025624,0.001788
5.633,0.034235,0.015746,0.030346,0.001792
5.638,0.039287,0.019413,0.034114,0.001672
5.641,0.042913,0.022011,0.036804,0.001559
5.645,0.044954,0.02345,0.038324,0.001483
5.649,0.045337,0.023689,0.03863,0.001411
5.653,0.04407,0.022739,0.037727,0.001333
5.657,0.041236,0.020653,0.035669,0.001259
5.661,0.036989,0.017527,0.032551,0.00119
5.664,0.031562,0.013498,0.028508,0.001122
5.667,0.025289,0.008733,0.02371,0.001055
5.671,0.018698,0.003429,0.018354,0.000988
5.676,0.012879,-0.002203,0.012655,0.000924
5.68,0.010514,-0.00794,0.006838,0.000862
5.683,0.013627,-0.013556,0.00113,0.000803
5.687,0.019324,-0.018836,-0.004249,0.000748
5.69,0.025288,-0.02358,-0.009097,0.000852
5.695,0.030669,-0.027638,-0.013262,0.000911
5.699,0.035065,-0.030873,-0.016605,0.000837
5.702,0.038249,-0.033178,-0.019016,0.000769
5.709,0.04007,-0.034473,-0.020413,0.000732
5.714,0.040458,-0.034722,-0.020756,0.000691
5.718,0.039417,-0.033929,-0.020051,0.000642
5.722,0.037012,-0.032142,-0.018343,0.000598
5.726,0.033377,-0.029441,-0.015714,0.000558
5.732,0.02871,-0.025946,-0.01228,0.000518
5.736,0.023294,-0.021802,-0.008189,0.000479
5.74,0.017561,-0.01718,-0.003611,0.000441
5.744,0.012337,-0.012265,0.001268,0.000405
5.748,0.009582,-0.007253,0.006251,0.000371
5.751,0.01139,-0.00234,0.011142,0.000339
5.755,0.015916,0.002284,0.015748,0.000307
5.759,0.020917,0.006446,0.019893,0.000495
5.762,0.025508,0.010017,0.023451,0.000617
5.766,0.029287,0.012879,0.026297,0.000543
5.769,0.03204,0.014939,0.02834,0.000473
5.773,0.033629,0.016125,0.029507,0.000454
5.777,0.033989,0.016404,0.029765,0.000432
5.783,0.033121,0.01578,0.029118,0.000396
5.786,0.031087,0.014292,0.027604,0.000365
5.791,0.028004,0.012011,0.025295,0.000339
5.796,0.024057,0.009039,0.022292,0.000313
5.802,0.019517,0.005502,0.018723,0.000286
5.806,0.014819,0.001548,0.014736,0.00026
5.809,0.010826,-0.002661,0.010491,0.000235
5.813,0.009295,-0.006957,0.00616,0.000211
5.818,0.011333,-0.011168,0.001914,0.000189
5.822,0.015272,-0.015129,-0.002083,0.000166
5.826,0.019538,-0.018689,-0.005679,0.000457
5.83,0.023453,-0.021742,-0.00877,0.000663
5.835,0.02668,-0.024185,-0.011251,0.000578
5.838,0.029038,-0.025939,-0.013043,0.000488
5.842,0.030406,-0.026943,-0.014083,0.000475
5.845,0.030724,-0.027167,-0.014342,0.000455
5.85,0.029995,-0.026616,-0.013824,0.00041
5.854,0.028269,-0.025322,-0.012561,0.000373
5.857,0.025649,-0.023347,-0.010616,0.000347
5.86,0.022295,-0.020779,-0.008074,0.000319
5.865,0.018434,-0.017727,-0.005048,0.000289
5.868,0.014417,-0.014318,-0.001662,0.000261
5.872,0.01087,-0.010692,0.001942,0.000235
5.876,0.008974,-0.006995,0.005619,0.000211
5.881,0.009819,-0.003373,0.00922,0.000185
5.885,0.012603,3.1e-05,0.012602,0.000158
5.888,0.01595,0.003089,0.015638,0.000557
5.893,0.01914,0.005719,0.018245,0.000873
5.896,0.021807,0.007837,0.020335,0.000783
5.901,0.023776,0.009372,0.021841,0.000656
5.904,0.024933,0.010272,0.02271,0.000637
5.909,0.025218,0.01051,0.022915,0.000618
5.914,0.024627,0.010088,0.02246,0.00056
5.918,0.023207,0.009033,0.021371,0.000508
5.922,0.021048,0.007396,0.019701,0.000472
5.926,0.018299,0.005252,0.017524,0.000437
5.93,0.01518,0.002693,0.014934,0.000398
5.934,0.012045,-0.000171,0.012039,0.000362
5.937,0.009525,-0.003223,0.008958,0.000329
5.941,0.008606,-0.006337,0.005816,0.000299
5.945,0.009781,-0.009386,0.002739,0.000266
5.949,0.012252,-0.012249,-0.000152,0.000234
5.952,0.015079,-0.014816,-0.002746,0.000552
5.956,0.017751,-0.017016,-0.004973,0.000908
5.96,0.01998,-0.018779,-0.006764,0.000899
5.964,0.02162,-0.020047,-0.00806,0.000758
5.967,0.022582,-0.020778,-0.008817,0.000705
5.972,0.022817,-0.020949,-0.009015,0.000684
5.979,0.022322,-0.020565,-0.008657,0.000628
5.985,0.021135,-0.019649,-0.007765,0.000566
5.99,0.019338,-0.018246,-0.006385,0.000523
5.993,0.017054,-0.01642,-0.00458,0.000484
5.997,0.014463,-0.01425,-0.002429,0.000443
6.001,0.011835,-0.011828,-2.6e-05,0.000403
6.008,0.009601,-0.009254,0.00253,0.000364
6.012,0.008393,-0.006635,0.00513,0.000325
6.016,0.00869,-0.004075,0.00767,0.000289
6.022,0.010189,-0.001678,0.010046,0.000255
6.026,0.012182,0.00047,0.012172,0.000203
6.03,0.014183,0.002307,0.013986,0.000478
6.035,0.0159,0.003776,0.01543,0.000686
6.038,0.01716,0.004829,0.016456,0.000592
6.042,0.017881,0.005432,0.017029,0.000483
6.047,0.018024,0.005569,0.017136,0.000464
6.052,0.017587,0.005245,0.016781,0.000447
6.058,0.016606,0.004482,0.015985,0.000395
6.062,0.01516,0.003317,0.014789,0.000346
6.068,0.013372,0.001807,0.013246,0.000312
6.073,0.011427,1.8e-05,0.011424,0.00028
6.077,0.009609,-0.001972,0.009401,0.000244
6.082,0.008332,-0.004078,0.007263,0.000211
6.086,0.008038,-0.006213,0.005097,0.000182
6.09,0.008812,-0.008287,0.002991,0.000154
6.093,0.010271,-0.010217,0.001032,0.000218
6.097,0.011956,-0.011935,-0.000715,7.3e-05
6.101,0.013574,-0.013391,-0.002199,0.000309
6.105,0.014936,-0.014538,-0.003373,0.000599
6.11,0.015911,-0.015338,-0.004199,0.000533
6.115,0.016443,-0.015766,-0.004652,0.000407
6.12,0.016509,-0.015814,-0.004724,0.000387
6.124,0.016109,-0.015486,-0.004421,0.000383
6.128,0.015278,-0.014804,-0.003762,0.000335
6.132,0.01408,-0.0138,-0.002781,0.000286
6.136,0.012617,-0.012521,-0.001525,0.000254
6.14,0.011027,-0.011025,-5e-05,0.000226
6.143,0.009508,-0.009374,0.00158,0.000193
6.147,0.00832,-0.007638,0.003295,0.000162
6.151,0.007742,-0.005891,0.005022,0.000135
6.154,0.007902,-0.004202,0.006691,0.00011
6.159,0.008656,-0.002637,0.008235,0.000374
6.162,0.00969,-0.001249,0.009604,0.000295
6.167,0.010767,-7.7e-05,0.010754,0.000521
6.17,0.011716,0.000846,0.011653,0.000867
6.175,0.012394,0.001495,0.012276,0.000829
6.179,0.012756,0.00185,0.012603,0.000676
6.182,0.012789,0.001905,0.01263,0.00063
6.186,0.012491,0.001666,0.012364,0.000616
6.19,0.011889,0.001149,0.01182,0.000558
6.193,0.011043,0.000382,0.011025,0.000492
6.196,0.010046,-0.0006,0.010018,0.000446
6.203,0.009023,-0.001752,0.008842,0.000406
6.207,0.008138,-0.003022,0.007547,0.000362
6.21,0.007576,-0.004357,0.00619,0.00032
6.216,0.007473,-0.0057,0.004826,0.000282
6.219,0.007831,-0.006993,0.003511,0.000292
6.224,0.008536,-0.008188,0.002296,0.000742
6.229,0.009352,-0.009245,0.00122,0.000712
6.233,0.01018,-0.010138,0.000308,0.000863
6.236,0.010946,-0.010855,-0.000428,0.001342
6.24,0.01152,-0.011379,-0.000971,0.001517
6.245,0.011849,-0.011697,-0.00131,0.00137
6.248,0.011952,-0.011802,-0.001435,0.001229
6.253,0.01183,-0.011694,-0.001348,0.001175
6.257,0.011483,-0.011381,-0.001054,0.001106
6.262,0.01094,-0.010879,-0.000571,0.001007
6.266,0.010251,-0.010209,7.9e-05,0.000921
6.27,0.009481,-0.009403,0.000868,0.000851
6.275,0.008709,-0.008493,0.001759,0.000782
6.28,0.008025,-0.007518,0.002716,0.000713
6.284,0.007522,-0.006518,0.003699,0.00065
6.287,0.007272,-0.005532,0.004667,0.000702
6.292,0.007323,-0.004601,0.005581,0.001146
6.298,0.007503,-0.00375,0.006413,0.001054
6.303,0.007781,-0.003009,0.007132,0.000784
6.309,0.008186,-0.00239,0.007727,0.00126
6.313,0.008537,-0.001934,0.008155,0.001624
6.318,0.008676,-0.001668,0.00839,0.001449
6.322,0.008684,-0.001581,0.008446,0.00126
6.326,0.008583,-0.001667,0.00833,0.001225
6.331,0.008361,-0.001913,0.008055,0.00117
6.335,0.00805,-0.002299,0.007641,0.001059
6.339,0.007707,-0.002799,0.007115,0.000963
6.343,0.007387,-0.003387,0.006504,0.000891
6.346,0.007142,-0.004031,0.005839,0.00082
6.351,0.007022,-0.004699,0.005151,0.000838
6.355,0.007074,-0.00536,0.004472,0.001147
6.359,0.007195,-0.005991,0.003824,0.001119
6.363,0.007402,-0.006553,0.003246,0.001141
6.366,0.007622,-0.007017,0.002767,0.001096
6.372,0.00787,-0.007378,0.00239,0.001338
6.376,0.008145,-0.007638,0.002114,0.001879
6.38,0.00836,-0.007803,0.001935,0.002295
6.384,0.008463,-0.007872,0.001851,0.002494
6.388,0.008465,-0.007846,0.001861,0.002575
6.392,0.008393,-0.007729,0.001963,0.002616
6.396,0.008265,-0.00753,0.002147,0.002645
6.4,0.008109,-0.007262,0.002401,0.002694
6.404,0.007959,-0.006938,0.00271,0.002806
6.409,0.007855,-0.006575,0.003058,0.00302
6.412,0.007836,-0.006192,0.003426,0.003366
6.416,0.007727,-0.005799,0.003804,0.003408
6.421,0.007733,-0.005408,0.00418,0.003618
6.424,0.007634,-0.00502,0.004551,0.003517
6.428,0.007607,-0.004674,0.004878,0.003495
6.433,0.007532,-0.004402,0.005131,0.003319
6.436,0.007593,-0.004195,0.005318,0.003432
6.44,0.007619,-0.004059,0.005433,0.003472
6.444,0.007664,-0.003991,0.005479,0.003577
6.449,0.007837,-0.003983,0.005463,0.003964
6.452,0.007885,-0.004039,0.005385,0.004107
6.456,0.007868,-0.00416,0.005239,0.004141
6.459,0.007906,-0.004333,0.005043,0.004277
6.463,0.008035,-0.004539,0.004814,0.004558
6.466,0.008003,-0.004767,0.004564,0.004528
6.47,0.008085,-0.005004,0.004304,0.004669
6.474,0.008015,-0.00525,0.004036,0.004515
6.48,0.007997,-0.005466,0.003799,0.004433
6.485,0.007889,-0.005619,0.003624,0.004187
6.488,0.007947,-0.005718,0.003505,0.004263
6.492,0.007914,-0.005756,0.003446,0.004198
6.497,0.007913,-0.005738,0.003445,0.004222
6.5,0.008108,-0.005668,0.003497,0.004625
6.503,0.008023,-0.005548,0.003598,0.004544
6.508,0.007869,-0.005379,0.003747,0.004352
6.511,0.007956,-0.005169,0.003937,0.004591
6.515,0.007842,-0.004924,0.004162,0.004464
6.52,0.00774,-0.004651,0.004412,0.004337
6.524,0.007814,-0.004362,0.004679,0.004488
6.528,0.007666,-0.004071,0.004948,0.004208
6.532,0.007653,-0.003807,0.005189,0.00414
6.535,0.007559,-0.003595,0.005377,0.003911
6.538,0.007455,-0.003431,0.005518,0.003656
6.542,0.007412,-0.003307,0.005619,0.003526
6.545,0.007285,-0.003225,0.005679,0.003229
6.549,0.007218,-0.003178,0.005704,0.003076
6.553,0.007127,-0.003164,0.005699,0.002881
6.556,0.006996,-0.003181,0.005663,0.0026
6.56,0.006915,-0.003224,0.005603,0.002457
6.564,0.006801,-0.003291,0.00552,0.002225
6.567,0.006687,-0.003378,0.005417,0.001988
6.571,0.006591,-0.003482,0.005299,0.001798
6.574,0.006484,-0.003599,0.005169,0.001539
6.577,0.006392,-0.003727,0.005028,0.001298
6.582,0.006315,-0.003861,0.004882,0.001064
6.585,0.006247,-0.003998,0.004733,0.000796
6.589,0.006197,-0.004136,0.004583,0.000542
6.593,0.006165,-0.004272,0.004435,0.000291
6.596,0.006149,-0.004404,0.004291,3.2e-05
6.602,0.006149,-0.00453,0.004153,-0.000215
6.605,0.006163,-0.004647,0.004023,-0.000453
6.611,0.006188,-0.004754,0.003902,-0.000685
6.616,0.006222,-0.004851,0.003791,-0.000903
6.621,0.006262,-0.004936,0.00369,-0.001108
6.625,0.006305,-0.005009,0.003602,-0.001302
6.628,0.00635,-0.00507,0.003524,-0.001483
6.632,0.006394,-0.005119,0.003458,-0.001651
6.636,0.006436,-0.005155,0.003404,-0.001807
6.64,0.006476,-0.005181,0.00336,-0.001952
6.644,0.006512,-0.005195,0.003326,-0.002087
6.647,0.006545,-0.0052,0.003301,-0.002214
6.651,0.006575,-0.005197,0.003285,-0.002332
6.655,0.006602,-0.005185,0.003275,-0.002444
6.659,0.006627,-0.005168,0.003273,-0.002549
6.663,0.006649,-0.005144,0.003275,-0.002649
6.668,0.006669,-0.005117,0.003281,-0.002744
6.672,0.006688,-0.005086,0.003291,-0.002835
6.675,0.006706,-0.005053,0.003303,-0.002921
6.68,0.006723,-0.005019,0.003316,-0.003002
6.684,0.006739,-0.004984,0.00333,-0.00308
6.687,0.006754,-0.004949,0.003344,-0.003154
6.692,0.006769,-0.004915,0.003358,-0.003223
6.696,0.006783,-0.004882,0.00337,-0.003288
6.7,0.006796,-0.004851,0.003381,-0.00335
6.703,0.006809,-0.004822,0.003391,-0.003408
6.707,0.006821,-0.004795,0.003399,-0.003462
6.711,0.006832,-0.004769,0.003405,-0.003512
6.715,0.006842,-0.004746,0.003409,-0.00356
6.719,0.006852,-0.004725,0.003411,-0.003604
6.722,0.006861,-0.004706,0.003412,-0.003645
6.727,0.006869,-0.004688,0.003411,-0.003683
6.731,0.006876,-0.004672,0.003409,-0.003719
6.735,0.006882,-0.004658,0.003406,-0.003752
6.74,0.006888,-0.004644,0.003401,-0.003783
6.744,0.006893,-0.004632,0.003396,-0.003811
6.747,0.006897,-0.00462,0.00339,-0.003838
6.75,0.0069,-0.004608,0.003384,-0.003863
6.753,0.006902,-0.004597,0.003378,-0.003885
6.76,0.006904,-0.004586,0.003371,-0.003907
6.767,0.006904,-0.004575,0.003365,-0.003926
6.773,0.006904,-0.004564,0.003359,-0.003944
6.777,0.006903,-0.004552,0.003353,-0.00396
6.78,0.006901,-0.004541,0.003347,-0.003975
6.783,0.006899,-0.004529,0.003342,-0.003989
6.788,0.006896,-0.004516,0.003337,-0.004002
6.795,0.006892,-0.004504,0.003333,-0.004013
6.8,0.006887,-0.00449,0.003328,-0.004024
6.805,0.006882,-0.004477,0.003325,-0.004033
6.81,0.006876,-0.004463,0.003321,-0.004041
6.814,0.00687,-0.004449,0.003318,-0.004049
6.818,0.006863,-0.004435,0.003315,-0.004055
6.822,0.006856,-0.004421,0.003312,-0.004061
6.827,0.006849,-0.004407,0.003309,-0.004066
6.831,0.006841,-0.004393,0.003307,-0.004071
6.836,0.006833,-0.004379,0.003304,-0.004074
6.841,0.006824,-0.004365,0.003301,-0.004077
6.845,0.006816,-0.004351,0.003298,-0.00408
6.851,0.006807,-0.004337,0.003295,-0.004082
6.858,0.006797,-0.004324,0.003292,-0.004084
6.862,0.006788,-0.004311,0.003288,-0.004085
6.866,0.006778,-0.004298,0.003284,-0.004085
6.87,0.006769,-0.004285,0.00328,-0.004085
6.873,0.006759,-0.004273,0.003276,-0.004085
6.878,0.006749,-0.004261,0.003271,-0.004084
6.882,0.006738,-0.00425,0.003267,-0.004083
6.886,0.006728,-0.004239,0.003262,-0.004082
6.89,0.006717,-0.004228,0.003256,-0.00408
6.893,0.006707,-0.004217,0.003251,-0.004078
6.898,0.006696,-0.004207,0.003245,-0.004076
6.901,0.006685,-0.004196,0.003239,-0.004073
6.905,0.006674,-0.004186,0.003233,-0.00407
6.908,0.006663,-0.004176,0.003227,-0.004067
6.912,0.006652,-0.004167,0.003221,-0.004064
6.916,0.006641,-0.004157,0.003215,-0.004061
6.921,0.00663,-0.004147,0.003209,-0.004057
6.924,0.006618,-0.004138,0.003202,-0.004053
6.929,0.006607,-0.004129,0.003196,-0.004049
6.932,0.006596,-0.004119,0.003189,-0.004045
6.936,0.006584,-0.00411,0.003183,-0.00404
6.939,0.006572,-0.004101,0.003176,-0.004036
6.943,0.006561,-0.004092,0.00317,-0.004031
6.948,0.006549,-0.004083,0.003163,-0.004027
6.952,0.006537,-0.004074,0.003157,-0.004022
6.956,0.006525,-0.004064,0.00315,-0.004017
6.961,0.006513,-0.004055,0.003144,-0.004012
6.966,0.006501,-0.004046,0.003137,-0.004006
6.971,0.006489,-0.004037,0.003131,-0.004001
6.976,0.006477,-0.004028,0.003125,-0.003996
6.98,0.006465,-0.004019,0.003118,-0.00399
6.984,0.006453,-0.004011,0.003112,-0.003985
6.989,0.006441,-0.004002,0.003105,-0.003979
6.993,0.006429,-0.003993,0.003099,-0.003974
6.997,0.006417,-0.003984,0.003092,-0.003968
7.002,0.006405,-0.003975,0.003086,-0.003962
7.006,0.006393,-0.003967,0.003079,-0.003956
7.011,0.006381,-0.003958,0.003073,-0.003951
7.014,0.006369,-0.003949,0.003066,-0.003945
7.019,0.006357,-0.003941,0.00306,-0.003939
7.023,0.006344,-0.003932,0.003053,-0.003933
7.027,0.006332,-0.003924,0.003047,-0.003927
7.031,0.00632,-0.003916,0.00304,-0.003921
7.035,0.006308,-0.003907,0.003033,-0.003915
7.04,0.006296,-0.003899,0.003027,-0.003909
7.044,0.006284,-0.003891,0.00302,-0.003902
7.049,0.006272,-0.003882,0.003013,-0.003896
7.053,0.00626,-0.003874,0.003007,-0.00389
7.057,0.006248,-0.003866,0.003,-0.003884
7.06,0.006236,-0.003858,0.002993,-0.003878
7.063,0.006223,-0.00385,0.002987,-0.003872
7.067,0.006211,-0.003842,0.00298,-0.003865
7.071,0.006199,-0.003834,0.002973,-0.003859
7.074,0.006187,-0.003826,0.002966,-0.003853
7.078,0.006175,-0.003818,0.00296,-0.003847
7.082,0.006163,-0.00381,0.002953,-0.00384
7.085,0.006151,-0.003802,0.002946,-0.003834
7.089,0.006139,-0.003795,0.00294,-0.003828
7.093,0.006127,-0.003787,0.002933,-0.003821
7.096,0.006115,-0.003779,0.002926,-0.003815
7.1,0.006103,-0.003771,0.00292,-0.003809
7.104,0.006092,-0.003763,0.002913,-0.003802
7.107,0.00608,-0.003756,0.002906,-0.003796
7.111,0.006068,-0.003748,0.0029,-0.00379
7.115,0.006056,-0.00374,0.002893,-0.003784
7.119,0.006044,-0.003732,0.002886,-0.003777
7.124,0.006032,-0.003725,0.00288,-0.003771
7.127,0.00602,-0.003717,0.002873,-0.003765
7.132,0.006008,-0.003709,0.002867,-0.003758
7.136,0.005997,-0.003702,0.00286,-0.003752
7.14,0.005985,-0.003694,0.002854,-0.003746
7.143,0.005973,-0.003687,0.002847,-0.003739
7.148,0.005961,-0.003679,0.00284,-0.003733
7.152,0.00595,-0.003671,0.002834,-0.003727
7.156,0.005938,-0.003664,0.002827,-0.00372
7.162,0.005926,-0.003656,0.002821,-0.003714
7.165,0.005915,-0.003649,0.002814,-0.003708
7.169,0.005903,-0.003641,0.002808,-0.003702
7.173,0.005891,-0.003634,0.002801,-0.003695
7.178,0.00588,-0.003626,0.002795,-0.003689
7.182,0.005868,-0.003619,0.002788,-0.003683
7.186,0.005857,-0.003612,0.002782,-0.003677
7.191,0.005845,-0.003604,0.002775,-0.00367
7.196,0.005834,-0.003597,0.002769,-0.003664
7.198,0.005822,-0.003589,0.002763,-0.003658
7.202,0.005811,-0.003582,0.002756,-0.003652
7.206,0.005799,-0.003575,0.00275,-0.003645
7.21,0.005788,-0.003567,0.002743,-0.003639
7.213,0.005776,-0.00356,0.002737,-0.003633
7.217,0.005765,-0.003553,0.002731,-0.003627
7.222,0.005753,-0.003546,0.002724,-0.003621
7.225,0.005742,-0.003538,0.002718,-0.003614
7.23,0.005731,-0.003531,0.002711,-0.003608
7.234,0.005719,-0.003524,0.002705,-0.003602
7.237,0.005708,-0.003517,0.002699,-0.003596
7.242,0.005697,-0.00351,0.002692,-0.00359
7.245,0.005685,-0.003502,0.002686,-0.003584
7.249,0.005674,-0.003495,0.00268,-0.003578
7.253,0.005663,-0.003488,0.002674,-0.003571
7.257,0.005652,-0.003481,0.002667,-0.003565
7.261,0.005641,-0.003474,0.002661,-0.003559
7.265,0.005629,-0.003467,0.002655,-0.003553
7.27,0.005618,-0.00346,0.002649,-0.003547
7.273,0.005607,-0.003453,0.002642,-0.003541
7.277,0.005596,-0.003445,0.002636,-0.003535
7.28,0.005585,-0.003438,0.00263,-0.003529
7.285,0.005574,-0.003431,0.002624,-0.003523
7.289,0.005563,-0.003424,0.002618,-0.003517
7.292,0.005552,-0.003417,0.002611,-0.003511
7.295,0.005541,-0.00341,0.002605,-0.003505
7.3,0.00553,-0.003403,0.002599,-0.003499
7.303,0.005519,-0.003396,0.002593,-0.003493
7.307,0.005508,-0.003389,0.002587,-0.003487
7.311,0.005497,-0.003383,0.002581,-0.003481
7.314,0.005486,-0.003376,0.002575,-0.003475
7.318,0.005475,-0.003369,0.002569,-0.003469
7.322,0.005464,-0.003362,0.002563,-0.003463
7.325,0.005454,-0.003355,0.002556,-0.003457
7.331,0.005443,-0.003348,0.00255,-0.003451
7.335,0.005432,-0.003341,0.002544,-0.003445
7.34,0.005421,-0.003334,0.002538,-0.003439
7.345,0.00541,-0.003327,0.002532,-0.003433
7.348,0.0054,-0.003321,0.002526,-0.003427
7.353,0.005389,-0.003314,0.00252,-0.003422
7.358,0.005378,-0.003307,0.002514,-0.003416
7.363,0.005368,-0.0033,0.002508,-0.00341
7.367,0.005357,-0.003294,0.002502,-0.003404
7.372,0.005346,-0.003287,0.002497,-0.003398
7.376,0.005336,-0.00328,0.002491,-0.003392
7.381,0.005325,-0.003273,0.002485,-0.003386
7.386,0.005314,-0.003267,0.002479,-0.003381
7.39,0.005304,-0.00326,0.002473,-0.003375
7.394,0.005293,-0.003253,0.002467,-0.003369
7.398,0.005283,-0.003247,0.002461,-0.003363
7.402,0.005272,-0.00324,0.002455,-0.003358
7.407,0.005262,-0.003233,0.002449,-0.003352
7.412,0.005251,-0.003227,0.002444,-0.003346
7.416,0.005241,-0.00322,0.002438,-0.00334
7.42,0.005231,-0.003213,0.002432,-0.003335
7.425,0.00522,-0.003207,0.002426,-0.003329
7.429,0.00521,-0.0032,0.00242,-0.003323
7.432,0.005199,-0.003194,0.002415,-0.003317
7.436,0.005189,-0.003187,0.002409,-0.003312
7.441,0.005179,-0.00318,0.002403,-0.003306
7.445,0.005168,-0.003174,0.002397,-0.0033
7.45,0.005158,-0.003167,0.002392,-0.003295
7.455,0.005148,-0.003161,0.002386,-0.003289
7.459,0.005138,-0.003154,0.00238,-0.003283
7.463,0.005127,-0.003148,0.002374,-0.003278
7.466,0.005117,-0.003141,0.002369,-0.003272
7.472,0.005107,-0.003135,0.002363,-0.003266
7.477,0.005097,-0.003128,0.002357,-0.003261
7.483,0.005087,-0.003122,0.002352,-0.003255
7.487,0.005077,-0.003116,0.002346,-0.00325
7.491,0.005066,-0.003109,0.00234,-0.003244
7.494,0.005056,-0.003103,0.002335,-0.003239
7.498,0.005046,-0.003096,0.002329,-0.003233
7.504,0.005036,-0.00309,0.002324,-0.003227
7.51,0.005026,-0.003084,0.002318,-0.003222
7.515,0.005016,-0.003077,0.002313,-0.003216
7.52,0.005006,-0.003071,0.002307,-0.003211
7.525,0.004996,-0.003065,0.002301,-0.003205
7.529,0.004986,-0.003058,0.002296,-0.0032
7.533,0.004976,-0.003052,0.00229,-0.003194
7.536,0.004966,-0.003046,0.002285,-0.003189
7.541,0.004957,-0.003039,0.002279,-0.003183
7.545,0.004947,-0.003033,0.002274,-0.003178
7.55,0.004937,-0.003027,0.002268,-0.003172
7.554,0.004927,-0.003021,0.002263,-0.003167
7.557,0.004917,-0.003014,0.002257,-0.003162
7.561,0.004907,-0.003008,0.002252,-0.003156
7.564,0.004897,-0.003002,0.002246,-0.003151
7.568,0.004888,-0.002996,0.002241,-0.003145
7.572,0.004878,-0.00299,0.002236,-0.00314
7.575,0.004868,-0.002983,0.00223,-0.003135
7.579,0.004858,-0.002977,0.002225,-0.003129
7.582,0.004849,-0.002971,0.002219,-0.003124
7.585,0.004839,-0.002965,0.002214,-0.003118
7.589,0.004829,-0.002959,0.002209,-0.003113
7.593,0.00482,-0.002953,0.002203,-0.003108
7.597,0.00481,-0.002947,0.002198,-0.003102
7.6,0.004801,-0.00294,0.002193,-0.003097
7.605,0.004791,-0.002934,0.002187,-0.003092
7.607,0.004781,-0.002928,0.002182,-0.003086
7.611,0.004772,-0.002922,0.002177,-0.003081
7.614,0.004762,-0.002916,0.002171,-0.003076
7.618,0.004753,-0.00291,0.002166,-0.003071
7.622,0.004743,-0.002904,0.002161,-0.003065
7.626,0.004734,-0.002898,0.002156,-0.00306
7.631,0.004724,-0.002892,0.00215,-0.003055
7.635,0.004715,-0.002886,0.002145,-0.00305
7.639,0.004705,-0.00288,0.00214,-0.003044
7.642,0.004696,-0.002874,0.002135,-0.003039
7.646,0.004687,-0.002868,0.002129,-0.003034
7.65,0.004677,-0.002862,0.002124,-0.003029
7.653,0.004668,-0.002856,0.002119,-0.003023
7.657,0.004659,-0.00285,0.002114,-0.003018
7.66,0.004649,-0.002844,0.002109,-0.003013
7.664,0.00464,-0.002838,0.002104,-0.003008
7.667,0.004631,-0.002833,0.002098,-0.003003
7.672,0.004621,-0.002827,0.002093,-0.002998
7.676,0.004612,-0.002821,0.002088,-0.002992
7.683,0.004603,-0.002815,0.002083,-0.002987
7.688,0.004594,-0.002809,0.002078,-0.002982
7.691,0.004585,-0.002803,0.002073,-0.002977
7.696,0.004575,-0.002797,0.002068,-0.002972
7.699,0.004566,-0.002792,0.002063,-0.002967
7.703,0.004557,-0.002786,0.002058,-0.002962
7.706,0.004548,-0.00278,0.002053,-0.002957
7.71,0.004539,-0.002774,0.002048,-0.002952
7.714,0.00453,-0.002769,0.002043,-0.002946
7.717,0.004521,-0.002763,0.002038,-0.002941
7.721,0.004512,-0.002757,0.002033,-0.002936
7.726,0.004503,-0.002751,0.002028,-0.002931
7.73,0.004494,-0.002746,0.002023,-0.002926
7.733,0.004485,-0.00274,0.002018,-0.002921
7.737,0.004476,-0.002734,0.002013,-0.002916
7.741,0.004467,-0.002728,0.002008,-0.002911
7.745,0.004458,-0.002723,0.002003,-0.002906
7.748,0.004449,-0.002717,0.001998,-0.002901
7.751,0.00444,-0.002711,0.001993,-0.002896
7.755,0.004431,-0.002706,0.001988,-0.002891
7.76,0.004422,-0.0027,0.001983,-0.002886
7.764,0.004413,-0.002694,0.001978,-0.002881
7.771,0.004404,-0.002689,0.001973,-0.002876
7.777,0.004395,-0.002683,0.001968,-0.002872
7.784,0.004387,-0.002678,0.001963,-0.002867
7.789,0.004378,-0.002672,0.001959,-0.002862
7.793,0.004369,-0.002666,0.001954,-0.002857
7.798,0.00436,-0.002661,0.001949,-0.002852
7.804,0.004351,-0.002655,0.001944,-0.002847
7.807,0.004343,-0.00265,0.001939,-0.002842
7.811,0.004334,-0.002644,0.001934,-0.002837
7.819,0.004325,-0.002639,0.00193,-0.002832
7.824,0.004317,-0.002633,0.001925,-0.002827
7.829,0.004308,-0.002628,0.00192,-0.002823
7.833,0.004299,-0.002622,0.001915,-0.002818
7.836,0.004291,-0.002617,0.00191,-0.002813
7.841,0.004282,-0.002611,0.001906,-0.002808
7.846,0.004273,-0.002606,0.001901,-0.002803
7.849,0.004265,-0.0026,0.001896,-0.002798
7.852,0.004256,-0.002595,0.001892,-0.002794
7.856,0.004248,-0.002589,0.001887,-0.002789
7.861,0.004239,-0.002584,0.001882,-0.002784
7.864,0.004231,-0.002579,0.001877,-0.002779
7.869,0.004222,-0.002573,0.001873,-0.002774
7.872,0.004214,-0.002568,0.001868,-0.00277
7.876,0.004205,-0.002562,0.001863,-0.002765
7.88,0.004197,-0.002557,0.001859,-0.00276
7.884,0.004188,-0.002552,0.001854,-0.002755
7.887,0.00418,-0.002546,0.001849,-0.002751
7.891,0.004171,-0.002541,0.001845,-0.002746
7.894,0.004163,-0.002536,0.00184,-0.002741
7.898,0.004155,-0.00253,0.001836,-0.002737
7.901,0.004146,-0.002525,0.001831,-0.002732
7.905,0.004138,-0.00252,0.001826,-0.002727
7.908,0.00413,-0.002514,0.001822,-0.002723
7.912,0.004121,-0.002509,0.001817,-0.002718
7.918,0.004113,-0.002504,0.001813,-0.002713
7.923,0.004105,-0.002499,0.001808,-0.002709
7.929,0.004096,-0.002493,0.001804,-0.002704
7.934,0.004088,-0.002488,0.001799,-0.002699
7.939,0.00408,-0.002483,0.001794,-0.002695
7.942,0.004072,-0.002478,0.00179,-0.00269
7.948,0.004064,-0.002473,0.001785,-0.002685
7.951,0.004055,-0.002467,0.001781,-0.002681
7.955,0.004047,-0.002462,0.001776,-0.002676
7.959,0.004039,-0.002457,0.001772,-0.002672
7.963,0.004031,-0.002452,0.001768,-0.002667
7.967,0.004023,-0.002447,0.001763,-0.002662
7.97,0.004015,-0.002441,0.001759,-0.002658
7.975,0.004007,-0.002436,0.001754,-0.002653
7.98,0.003998,-0.002431,0.00175,-0.002649
7.985,0.00399,-0.002426,0.001745,-0.002644
7.99,0.003982,-0.002421,0.001741,-0.00264
7.994,0.003974,-0.002416,0.001736,-0.002635
7.999,0.003966,-0.002411,0.001732,-0.002631
8.003,0.003958,-0.002406,0.001728,-0.002626
8.008,0.00395,-0.002401,0.001723,-0.002622
8.012,0.003942,-0.002396,0.001719,-0.002617
8.015,0.003934,-0.002391,0.001715,-0.002613
8.02,0.003926,-0.002385,0.00171,-0.002608
8.024,0.003919,-0.00238,0.001706,-0.002604
8.027,0.003911,-0.002375,0.001702,-0.002599
8.032,0.003903,-0.00237,0.001697,-0.002595
8.036,0.003895,-0.002365,0.001693,-0.00259
8.041,0.003887,-0.00236,0.001689,-0.002586
8.044,0.003879,-0.002355,0.001684,-0.002581
8.047,0.003871,-0.00235,0.00168,-0.002577
8.051,0.003863,-0.002345,0.001676,-0.002572
8.055,0.003856,-0.002341,0.001671,-0.002568
8.059,0.003848,-0.002336,0.001667,-0.002564
8.063,0.00384,-0.002331,0.001663,-0.002559
8.067,0.003832,-0.002326,0.001659,-0.002555
8.071,0.003825,-0.002321,0.001654,-0.00255
8.075,0.003817,-0.002316,0.00165,-0.002546
8.08,0.003809,-0.002311,0.001646,-0.002542
8.084,0.003801,-0.002306,0.001642,-0.002537
8.087,0.003794,-0.002301,0.001638,-0.002533
8.092,0.003786,-0.002296,0.001633,-0.002529
8.096,0.003778,-0.002291,0.001629,-0.002524
8.099,0.003771,-0.002287,0.001625,-0.00252
8.104,0.003763,-0.002282,0.001621,-0.002516
8.107,0.003756,-0.002277,0.001617,-0.002511
8.11,0.003748,-0.002272,0.001612,-0.002507
8.115,0.00374,-0.002267,0.001608,-0.002503
8.118,0.003733,-0.002262,0.001604,-0.002498
8.122,0.003725,-0.002258,0.0016,-0.002494
8.127,0.003718,-0.002253,0.001596,-0.00249
8.132,0.00371,-0.002248,0.001592,-0.002486
8.136,0.003703,-0.002243,0.001588,-0.002481
8.14,0.003695,-0.002239,0.001584,-0.002477
8.143,0.003688,-0.002234,0.00158,-0.002473
8.148,0.00368,-0.002229,0.001575,-0.002468
8.154,0.003673,-0.002224,0.001571,-0.002464
8.16,0.003665,-0.00222,0.001567,-0.00246
8.164,0.003658,-0.002215,0.001563,-0.002456
8.168,0.003651,-0.00221,0.001559,-0.002452
8.171,0.003643,-0.002205,0.001555,-0.002447
8.176,0.003636,-0.002201,0.001551,-0.002443
8.179,0.003628,-0.002196,0.001547,-0.002439
8.183,0.003621,-0.002191,0.001543,-0.002435
8.187,0.003614,-0.002187,0.001539,-0.002431
8.189,0.003606,-0.002182,0.001535,-0.002426
8.194,0.003599,-0.002177,0.001531,-0.002422
8.197,0.003592,-0.002173,0.001527,-0.002418
8.2,0.003584,-0.002168,0.001523,-0.002414
8.205,0.003577,-0.002164,0.001519,-0.00241
8.208,0.00357,-0.002159,0.001515,-0.002406
8.212,0.003563,-0.002154,0.001511,-0.002402
8.215,0.003555,-0.00215,0.001507,-0.002397
8.219,0.003548,-0.002145,0.001503,-0.002393
8.223,0.003541,-0.002141,0.0015,-0.002389
8.226,0.003534,-0.002136,0.001496,-0.002385
8.231,0.003527,-0.002131,0.001492,-0.002381
8.236,0.00352,-0.002127,0.001488,-0.002377
8.239,0.003512,-0.002122,0.001484,-0.002373
8.244,0.003505,-0.002118,0.00148,-0.002369
8.248,0.003498,-0.002113,0.001476,-0.002365
8.252,0.003491,-0.002109,0.001472,-0.002361
8.256,0.003484,-0.002104,0.001468,-0.002357
8.26,0.003477,-0.0021,0.001465,-0.002353
8.264,0.00347,-0.002095,0.001461,-0.002348
8.267,0.003463,-0.002091,0.001457,-0.002344
8.271,0.003456,-0.002086,0.001453,-0.00234
8.274,0.003449,-0.002082,0.001449,-0.002336
8.278,0.003442,-0.002077,0.001445,-0.002332
8.281,0.003435,-0.002073,0.001442,-0.002328
8.285,0.003428,-0.002069,0.001438,-0.002324
8.289,0.003421,-0.002064,0.001434,-0.00232
8.293,0.003414,-0.00206,0.00143,-0.002316
8.296,0.003407,-0.002055,0.001427,-0.002312
8.299,0.0034,-0.002051,0.001423,-0.002308
8.304,0.003393,-0.002047,0.001419,-0.002304
8.307,0.003386,-0.002042,0.001415,-0.002301
8.31,0.003379,-0.002038,0.001412,-0.002297
8.315,0.003372,-0.002033,0.001408,-0.002293
8.318,0.003365,-0.002029,0.001404,-0.002289
8.324,0.003359,-0.002025,0.0014,-0.002285
8.331,0.003352,-0.00202,0.001397,-0.002281
8.336,0.003345,-0.002016,0.001393,-0.002277
8.342,0.003338,-0.002012,0.001389,-0.002273
8.347,0.003331,-0.002007,0.001386,-0.002269
8.351,0.003325,-0.002003,0.001382,-0.002265
8.355,0.003318,-0.001999,0.001378,-0.002261
8.359,0.003311,-0.001994,0.001375,-0.002257
8.363,0.003304,-0.00199,0.001371,-0.002254
8.369,0.003298,-0.001986,0.001367,-0.00225
8.374,0.003291,-0.001982,0.001364,-0.002246
8.377,0.003284,-0.001977,0.00136,-0.002242
8.382,0.003277,-0.001973,0.001356,-0.002238
8.386,0.003271,-0.001969,0.001353,-0.002234
8.39,0.003264,-0.001965,0.001349,-0.00223
8.394,0.003257,-0.00196,0.001346,-0.002227
8.399,0.003251,-0.001956,0.001342,-0.002223
8.402,0.003244,-0.001952,0.001338,-0.002219
8.406,0.003238,-0.001948,0.001335,-0.002215
8.41,0.003231,-0.001944,0.001331,-0.002211
8.414,0.003224,-0.001939,0.001328,-0.002208
8.419,0.003218,-0.001935,0.001324,-0.002204
8.422,0.003211,-0.001931,0.00132,-0.0022
8.427,0.003205,-0.001927,0.001317,-0.002196
8.432,0.003198,-0.001923,0.001313,-0.002192
8.436,0.003192,-0.001919,0.00131,-0.002189
8.441,0.003185,-0.001914,0.001306,-0.002185
8.445,0.003179,-0.00191,0.001303,-0.002181
8.45,0.003172,-0.001906,0.001299,-0.002177
8.456,0.003166,-0.001902,0.001296,-0.002174
8.46,0.003159,-0.001898,0.001292,-0.00217
8.464,0.003153,-0.001894,0.001289,-0.002166
8.467,0.003146,-0.00189,0.001285,-0.002162
8.471,0.00314,-0.001886,0.001282,-0.002159
8.475,0.003134,-0.001882,0.001278,-0.002155
8.479,0.003127,-0.001877,0.001275,-0.002151
8.483,0.003121,-0.001873,0.001272,-0.002148
8.486,0.003114,-0.001869,0.001268,-0.002144
8.489,0.003108,-0.001865,0.001265,-0.00214
8.498,0.003102,-0.001861,0.001261,-0.002137
8.505,0.003095,-0.001857,0.001258,-0.002133
8.514,0.003089,-0.001853,0.001254,-0.002129
8.522,0.003083,-0.001849,0.001251,-0.002126
8.526,0.003076,-0.001845,0.001248,-0.002122
8.53,0.00307,-0.001841,0.001244,-0.002118
8.535,0.003064,-0.001837,0.001241,-0.002115
8.539,0.003058,-0.001833,0.001237,-0.002111
8.544,0.003051,-0.001829,0.001234,-0.002107
8.548,0.003045,-0.001825,0.001231,-0.002104
8.552,0.003039,-0.001821,0.001227,-0.0021
8.555,0.003033,-0.001817,0.001224,-0.002097
8.56,0.003026,-0.001813,0.001221,-0.002093
8.564,0.00302,-0.001809,0.001217,-0.002089
8.567,0.003014,-0.001806,0.001214,-0.002086
8.572,0.003008,-0.001802,0.001211,-0.002082
8.576,0.003002,-0.001798,0.001207,-0.002079
8.581,0.002996,-0.001794,0.001204,-0.002075
8.586,0.002989,-0.00179,0.001201,-0.002072
8.589,0.002983,-0.001786,0.001197,-0.002068
8.594,0.002977,-0.001782,0.001194,-0.002064
8.598,0.002971,-0.001778,0.001191,-0.002061
8.602,0.002965,-0.001774,0.001188,-0.002057
8.606,0.002959,-0.001771,0.001184,-0.002054
8.611,0.002953,-0.001767,0.001181,-0.00205
8.615,0.002947,-0.001763,0.001178,-0.002047
8.619,0.002941,-0.001759,0.001175,-0.002043
8.623,0.002935,-0.001755,0.001171,-0.00204
8.628,0.002929,-0.001751,0.001168,-0.002036
8.632,0.002923,-0.001747,0.001165,-0.002033
8.637,0.002917,-0.001744,0.001162,-0.002029
8.64,0.002911,-0.00174,0.001158,-0.002026
8.644,0.002905,-0.001736,0.001155,-0.002022
8.649,0.002899,-0.001732,0.001152,-0.002019
8.652,0.002893,-0.001729,0.001149,-0.002015
8.656,0.002887,-0.001725,0.001146,-0.002012
8.659,0.002881,-0.001721,0.001143,-0.002008
8.663,0.002875,-0.001717,0.001139,-0.002005
8.667,0.002869,-0.001713,0.001136,-0.002002
8.67,0.002863,-0.00171,0.001133,-0.001998
8.674,0.002858,-0.001706,0.00113,-0.001995
8.678,0.002852,-0.001702,0.001127,-0.001991
8.681,0.002846,-0.001699,0.001124,-0.001988
8.684,0.00284,-0.001695,0.00112,-0.001984
8.688,0.002834,-0.001691,0.001117,-0.001981
8.691,0.002828,-0.001687,0.001114,-0.001978
8.697,3.99889,-0.001684,-3.998889,-0.001974
8.701,3.998694,-0.001481,-3.998689,-0.005996
8.705,3.996919,0.000165,-3.996898,-0.013226
8.711,3.991847,0.004538,-3.991822,-0.013337
8.715,3.983542,0.011529,-3.983525,-0.00151
8.719,3.971196,0.021731,-3.97112,0.011256
8.725,3.95378,0.035768,-3.953592,0.014168
8.728,3.931413,0.053392,-3.931036,0.010651
8.732,3.904638,0.074059,-3.903925,0.009026
8.735,3.873505,0.097571,-3.872262,0.010391
8.74,3.837783,0.123867,-3.835767,0.011398
8.744,3.797479,0.152686,-3.794391,0.011424
8.748,3.752763,0.183635,-3.74825,0.011344
8.752,3.703758,0.216295,-3.697421,0.011072
8.755,3.650591,0.250274,-3.641986,0.010631
8.759,3.59343,0.285166,-3.582082,0.010208
8.762,3.532435,0.320569,-3.517845,0.009717
8.766,3.467783,0.356079,-3.449441,0.0092
8.77,3.399662,0.391297,-3.377057,0.008726
8.773,3.328249,0.42584,-3.300884,0.008252
8.778,3.253724,0.459333,-3.221129,0.007789
8.782,3.176263,0.491415,-3.13801,0.007359
8.786,3.096032,0.521742,-3.051746,0.006943
8.79,3.013188,0.549982,-2.962563,0.006546
8.794,2.927877,0.575824,-2.870689,0.006174
8.798,2.840233,0.598971,-2.776351,0.005819
8.802,2.750376,0.619142,-2.679776,0.005484
8.808,2.65841,0.636076,-2.581187,0.005169
8.811,2.564427,0.649525,-2.480802,0.004874
8.816,2.468501,0.659261,-2.378834,0.004597
8.821,2.370694,0.665067,-2.275491,0.004339
8.825,2.271053,0.666746,-2.17097,0.004099
8.829,2.169609,0.664113,-2.065464,0.003878
8.834,2.066385,0.656999,-1.959155,0.003675
8.838,1.961391,0.645246,-1.852215,0.003489
8.844,1.854635,0.628723,-1.744811,0.003321
8.848,1.746275,0.607435,-1.637219,0.003704
8.852,1.636584,0.581291,-1.529864,0.004696
8.855,1.525915,0.550171,-1.42327,0.005716
8.859,1.414621,0.514306,-1.317803,0.006128
8.862,1.303366,0.474315,-1.213982,0.005864
8.866,1.19306,0.431223,-1.112384,0.006207
8.87,1.084363,0.385672,-1.013441,0.006136
8.874,0.977891,0.338193,-0.917532,0.005656
8.878,0.874299,0.289335,-0.825018,0.005434
8.882,0.774245,0.239577,-0.736229,0.00509
8.885,0.678447,0.189375,-0.651464,0.004635
8.889,0.587726,0.139166,-0.570996,0.004299
8.892,0.503093,0.089348,-0.49508,0.003944
8.896,0.425873,0.0403,-0.423947,0.003572
8.9,0.357903,-0.007622,-0.357807,0.003261
8.905,0.30176,-0.054086,-0.296859,0.002962
8.908,0.260731,-0.098777,-0.24128,0.002675
8.911,0.237849,-0.141403,-0.191236,0.002426
8.915,0.233611,-0.181686,-0.146826,0.002505
8.919,0.244605,-0.219367,-0.10817,0.002947
8.922,0.265165,-0.254195,-0.075402,0.003457
8.927,0.290066,-0.285931,-0.048653,0.003779
8.93,0.315627,-0.314356,-0.028025,0.003913
8.934,0.339563,-0.339267,-0.013592,0.004024
8.937,0.360536,-0.360471,-0.005404,0.004237
8.941,0.377807,-0.377765,-0.003264,0.004529
8.945,0.39103,-0.390942,-0.006767,0.004806
8.95,0.40013,-0.399804,-0.015309,0.005171
8.954,0.405161,-0.404152,-0.028006,0.005692
8.958,0.406174,-0.403749,-0.04395,0.00573
8.962,0.403361,-0.398446,-0.06253,0.005511
8.966,0.397004,-0.388161,-0.083144,0.005455
8.97,0.387408,-0.372804,-0.105217,0.005658
8.973,0.375128,-0.352477,-0.12824,0.005936
8.976,0.360998,-0.327511,-0.15172,0.00608
8.98,0.346165,-0.298505,-0.175169,0.006369
8.984,0.33203,-0.266348,-0.198128,0.006938
8.987,0.319834,-0.231894,-0.220166,0.006815
8.993,0.310461,-0.195743,-0.240892,0.006474
8.996,0.304492,-0.158453,-0.259941,0.006233
9.001,0.302117,-0.120547,-0.276965,0.005785
9.006,0.303148,-0.082527,-0.29165,0.005331
9.01,0.307033,-0.044856,-0.303699,0.00495
9.014,0.312964,-0.007963,-0.31283,0.004529
9.019,0.320019,0.027745,-0.318787,0.004137
9.025,0.327257,0.061887,-0.32133,0.003794
9.03,0.333844,0.09411,-0.320283,0.003768
9.034,0.339007,0.124081,-0.315457,0.0041
9.038,0.34207,0.151481,-0.306668,0.004502
9.042,0.342572,0.176008,-0.293861,0.004718
9.046,0.340306,0.197379,-0.277177,0.004736
9.051,0.335274,0.215336,-0.256937,0.004713
9.054,0.327631,0.229639,-0.233631,0.004918
9.058,0.31767,0.240056,-0.207989,0.005337
9.062,0.305658,0.246392,-0.180788,0.005773
9.066,0.291591,0.248446,-0.152526,0.005964
9.07,0.27548,0.246046,-0.123756,0.005894
9.074,0.257303,0.239054,-0.095,0.005757
9.078,0.237166,0.227517,-0.066717,0.005725
9.082,0.215375,0.21167,-0.039349,0.005812
9.086,0.192469,0.191917,-0.013314,0.005916
9.09,0.169369,0.168898,0.011002,0.006165
9.095,0.147352,0.143425,0.033229,0.006152
9.099,0.127876,0.116219,0.053028,0.005801
9.105,0.11255,0.087848,0.070126,0.005723
9.109,0.102925,0.058839,0.084238,0.00596
9.113,0.099816,0.029676,0.095102,0.006174
9.117,0.102651,0.000804,0.102463,0.006169
9.12,0.109732,-0.027349,0.106099,0.006012
9.124,0.119188,-0.054383,0.105894,0.005885
9.128,0.129635,-0.079924,0.101897,0.005881
9.131,0.140222,-0.103622,0.094283,0.005947
9.135,0.150491,-0.125147,0.083367,0.005989
9.139,0.160226,-0.144192,0.069599,0.006063
9.142,0.169315,-0.160476,0.053619,0.006326
9.145,0.17759,-0.173759,0.036095,0.006583
9.15,0.18475,-0.183799,0.017522,0.006601
9.154,0.190493,-0.190378,-0.001569,0.006416
9.157,0.194497,-0.193295,-0.020678,0.006221
9.162,0.196448,-0.192366,-0.039359,0.006158
9.165,0.196086,-0.187458,-0.057188,0.006215
9.169,0.193369,-0.178636,-0.073766,0.006279
9.174,0.188436,-0.166126,-0.088718,0.006264
9.177,0.181591,-0.150314,-0.101699,0.006184
9.181,0.173246,-0.131678,-0.112419,0.006102
9.187,0.163887,-0.11081,-0.120596,0.006064
9.192,0.153968,-0.088335,-0.125962,0.00606
9.195,0.143861,-0.064852,-0.128272,0.006044
9.2,0.133954,-0.040914,-0.127411,0.005996
9.205,0.12471,-0.017041,-0.123398,0.005932
9.208,0.116687,0.006284,-0.116369,0.005876
9.212,0.110505,0.028609,-0.106577,0.005834
9.217,0.106736,0.049514,-0.094379,0.005796
9.225,0.105749,0.068611,-0.080245,0.006004
9.231,0.107508,0.085538,-0.064802,0.006483
9.237,0.111399,0.09998,-0.048658,0.006792
9.241,0.116392,0.111629,-0.03227,0.006689
9.246,0.121454,0.12021,-0.016134,0.006352
9.25,0.125618,0.125468,-0.000708,0.006095
9.253,0.128046,0.127177,0.013598,0.006062
9.256,0.128133,0.125234,0.026393,0.006163
9.261,0.125507,0.119673,0.037305,0.006231
9.264,0.119999,0.110647,0.046024,0.006238
9.267,0.111645,0.098468,0.052254,0.006194
9.271,0.100682,0.083561,0.055828,0.006127
9.275,0.08756,0.066465,0.056677,0.00606
9.279,0.072979,0.047778,0.054838,0.006001
9.282,0.05803,0.028065,0.050443,0.005946
9.286,0.044808,0.007851,0.043721,0.005882
9.289,0.037556,-0.012375,0.03498,0.005807
9.293,0.040912,-0.032153,0.024612,0.005851
9.296,0.053102,-0.051058,0.013089,0.006452
9.3,0.06901,-0.068684,0.000926,0.006637
9.304,0.085651,-0.084661,-0.011282,0.00643
9.308,0.101478,-0.098645,-0.022987,0.006208
9.312,0.115562,-0.110352,-0.033764,0.006074
9.315,0.127226,-0.119497,-0.043245,0.006051
9.319,0.135934,-0.12581,-0.051118,0.006068
9.323,0.141273,-0.129037,-0.057158,0.006368
9.326,0.142907,-0.128985,-0.061176,0.006548
9.33,0.140721,-0.125667,-0.063009,0.006338
9.334,0.134819,-0.119252,-0.062593,0.006093
9.338,0.125463,-0.11003,-0.059963,0.006237
9.343,0.112993,-0.098354,-0.055229,0.006607
9.347,0.097846,-0.084621,-0.048625,0.006972
9.352,0.080564,-0.069289,-0.040476,0.007159
9.356,0.061798,-0.052886,-0.031154,0.007172
9.361,0.042351,-0.035968,-0.021086,0.007431
9.364,0.023379,-0.019034,-0.01073,0.008314
9.369,0.008861,-0.002546,-0.00053,0.008471
9.374,0.018014,0.013065,0.00906,0.00847
9.378,0.033719,0.027391,0.017604,0.008764
9.383,0.047939,0.040046,0.024823,0.008851
9.387,0.059742,0.050668,0.030485,0.008521
9.391,0.068763,0.058959,0.034405,0.008282
9.395,0.074665,0.064624,0.036468,0.008287
9.4,0.077253,0.067513,0.036604,0.008373
9.404,0.0765,0.06758,0.034834,0.008469
9.408,0.072543,0.064889,0.031254,0.008665
9.412,0.06566,0.059618,0.02601,0.00897
9.415,0.056219,0.052043,0.019286,0.00895
9.418,0.044846,0.042538,0.011334,0.008556
9.423,0.03265,0.031541,0.002461,0.008074
9.426,0.022106,0.019512,-0.006981,0.007694
9.429,0.019549,0.006946,-0.016608,0.007622
9.433,0.027691,-0.005622,-0.025996,0.007706
9.436,0.039679,-0.017671,-0.034717,0.007541
9.44,0.051841,-0.028803,-0.042412,0.007687
9.443,0.062763,-0.03864,-0.048823,0.007901
9.448,0.071704,-0.046837,-0.053731,0.007789
9.452,0.078325,-0.053181,-0.056966,0.007842
9.455,0.082384,-0.057492,-0.05842,0.008299
9.459,0.083707,-0.059668,-0.058034,0.008871
9.463,0.082244,-0.059675,-0.055828,0.009291
9.466,0.078103,-0.057563,-0.05191,0.00958
9.47,0.07151,-0.053473,-0.046449,0.009835
9.474,0.062762,-0.047632,-0.039647,0.009916
9.478,0.052258,-0.040345,-0.031747,0.009763
9.482,0.040516,-0.031958,-0.023043,0.009449
9.485,0.028203,-0.022834,-0.013872,0.009034
9.49,0.016504,-0.013343,-0.004588,0.008562
9.494,0.010022,-0.003857,0.004447,0.008111
9.498,0.015921,0.005254,0.012882,0.007741
9.503,0.025687,0.013646,0.020401,0.007576
9.508,0.034871,0.021035,0.026768,0.007553
9.512,0.042474,0.027165,0.031762,0.007571
9.516,0.048126,0.031839,0.035218,0.00788
9.52,0.051444,0.034896,0.036984,0.007807
9.523,0.052316,0.036248,0.037006,0.007323
9.527,0.050827,0.035896,0.035308,0.006941
9.531,0.047071,0.033894,0.031968,0.006704
9.534,0.041206,0.030341,0.027131,0.006428
9.538,0.033526,0.025403,0.021001,0.006132
9.542,0.024459,0.019305,0.013825,0.00587
9.546,0.014754,0.012308,0.005883,0.005621
9.55,0.007561,0.004705,-0.00252,0.005355
9.554,0.012588,-0.003193,-0.011064,0.005084
9.559,0.022875,-0.01107,-0.01943,0.004815
9.562,0.03336,-0.018613,-0.027308,0.004549
9.566,0.043062,-0.025532,-0.03441,0.004286
9.57,0.051595,-0.031593,-0.040531,0.004597
9.574,0.058562,-0.036597,-0.045442,0.005017
9.577,0.063699,-0.040374,-0.04897,0.005424
9.581,0.066766,-0.042776,-0.050982,0.00537
9.585,0.067683,-0.043719,-0.051428,0.004979
9.589,0.066481,-0.043191,-0.050325,0.004656
9.593,0.063236,-0.041233,-0.047738,0.004436
9.596,0.058082,-0.03793,-0.043786,0.004189
9.601,0.051245,-0.033429,-0.038642,0.003929
9.605,0.043018,-0.027919,-0.032518,0.003699
9.609,0.033742,-0.02163,-0.02566,0.003491
9.612,0.023803,-0.014815,-0.018339,0.003285
9.617,0.013673,-0.007746,-0.010837,0.003084
9.621,0.004548,-0.000701,-0.003439,0.002892
9.624,0.00753,0.006047,0.003576,0.00271
9.629,0.015976,0.012236,0.00995,0.002552
9.633,0.02366,0.017666,0.01549,0.002784
9.637,0.029987,0.022147,0.02,0.002953
9.642,0.034703,0.025521,0.023329,0.002957
9.648,0.037643,0.027669,0.025365,0.002831
9.652,0.038719,0.028523,0.026051,0.002634
9.657,0.037928,0.028071,0.025387,0.002453
9.661,0.035327,0.02635,0.023419,0.002297
9.665,0.031047,0.023442,0.020244,0.002141
9.669,0.025288,0.019479,0.016003,0.001988
9.673,0.018324,0.01463,0.010877,0.001845
9.676,0.010557,0.009097,0.005077,0.001711
9.68,0.003674,0.003105,-0.001164,0.001582
9.683,0.008337,-0.003105,-0.007599,0.001459
9.687,0.016836,-0.009289,-0.013977,0.001344
9.691,0.025196,-0.015205,-0.020053,0.001235
9.695,0.032893,-0.020625,-0.025598,0.001143
9.698,0.039654,-0.025375,-0.030437,0.001461
9.702,0.045208,-0.029286,-0.034399,0.001666
9.707,0.049348,-0.032218,-0.037348,0.001537
9.71,0.051943,-0.034071,-0.039182,0.001382
9.715,0.052914,-0.034787,-0.039851,0.001303
9.72,0.052245,-0.034353,-0.039343,0.001223
9.724,0.049981,-0.032802,-0.037695,0.001115
9.728,0.046234,-0.030208,-0.034986,0.001015
9.731,0.041171,-0.026687,-0.031336,0.000929
9.736,0.035008,-0.022389,-0.0269,0.000847
9.739,0.028005,-0.01749,-0.021858,0.000765
9.743,0.020458,-0.012191,-0.016415,0.000686
9.748,0.012712,-0.006701,-0.010784,0.000613
9.753,0.00536,-0.001239,-0.005186,0.000545
9.758,0.004016,0.003984,0.000163,0.000481
9.762,0.01013,0.008766,0.005059,0.000421
9.765,0.01599,0.012955,0.009349,0.00065
9.769,0.020876,0.016406,0.012885,0.000797
9.774,0.02456,0.018999,0.015548,0.000687
9.777,0.026911,0.020646,0.017251,0.000573
9.781,0.027854,0.021296,0.017945,0.000535
9.784,0.027371,0.02094,0.017619,0.000496
9.787,0.025502,0.019606,0.016302,0.000431
9.79,0.022346,0.017362,0.014063,0.000369
9.795,0.018053,0.014307,0.011005,0.000319
9.799,0.012829,0.010574,0.007259,0.000271
9.802,0.006991,0.006318,0.002984,0.000221
9.805,0.002381,0.001714,-0.001645,0.000172
9.81,0.007129,-0.003054,-0.006441,0.000128
9.814,0.013657,-0.007796,-0.011213,8.6e-05
9.817,0.020018,-0.012326,-0.015773,4.7e-05
9.82,0.025864,-0.016468,-0.019944,1.2e-05
9.825,0.030988,-0.02009,-0.023592,0.000208
9.829,0.035205,-0.023067,-0.026593,0.000337
9.832,0.038367,-0.025297,-0.028844,0.00026
9.837,0.040366,-0.026705,-0.030269,0.000176
9.839,0.041141,-0.027247,-0.030824,0.000152
9.843,0.040679,-0.026915,-0.030501,0.00013
9.848,0.039016,-0.025735,-0.029324,8.6e-05
9.852,0.036235,-0.023765,-0.027353,4.4e-05
9.855,0.032464,-0.021095,-0.024676,1.1e-05
9.859,0.027866,-0.017838,-0.021409,-2e-05
9.863,0.022639,-0.014131,-0.017687,-5.3e-05
9.867,0.017006,-0.010125,-0.013663,-8.5e-05
9.87,0.011227,-0.005983,-0.0095,-0.000114
9.875,0.00568,-0.001869,-0.005362,-0.000141
9.878,0.0025,0.002055,-0.001413,-0.000166
9.882,0.006052,0.005637,0.002194,-0.000189
9.885,0.010266,0.008764,0.005346,3e-05
9.89,0.013835,0.011331,0.007937,0.000178
9.893,0.01653,0.013251,0.009881,0.000109
9.898,0.018239,0.014462,0.011113,3.2e-05
9.901,0.018901,0.014926,0.011597,1.6e-05
9.905,0.018509,0.014638,0.011327,1e-06
9.909,0.017095,0.013623,0.010328,-3.6e-05
9.914,0.014738,0.011932,0.008651,-7.1e-05
9.919,0.01156,0.009643,0.006375,-9.7e-05
9.922,0.007744,0.006856,0.003599,-0.000122
9.927,0.00372,0.00369,0.000442,-0.000149
9.932,0.002983,0.000276,-0.002965,-0.000175
9.936,0.007252,-0.003246,-0.006482,-0.000198
9.943,0.012031,-0.006735,-0.009966,-0.00022
9.951,0.016655,-0.010051,-0.013278,-0.000241
9.956,0.020881,-0.013064,-0.016289,-9.1e-05
9.962,0.024576,-0.015689,-0.018912,0.000357
9.966,0.027605,-0.017838,-0.02106,0.000545
9.969,0.029856,-0.019437,-0.022659,0.000408
9.973,0.031257,-0.02043,-0.023654,0.000309
9.978,0.031763,-0.020788,-0.024014,0.0003
9.982,0.031368,-0.020507,-0.023736,0.000271
9.986,0.030101,-0.019607,-0.022839,0.000208
9.991,0.028026,-0.018134,-0.021368,0.000156
9.994,0.025238,-0.016155,-0.01939,0.000119
9.999,0.021861,-0.013756,-0.016991,8e-05
10.002,0.018042,-0.011039,-0.014271,3.9e-05
10.008,0.013949,-0.008115,-0.011345,2e-06
10.013,0.009771,-0.005106,-0.008331,-3.2e-05
10.016,0.005761,-0.002132,-0.005351,-6.4e-05
10.021,0.002619,0.000688,-0.002525,-9.5e-05
10.026,0.003251,0.003246,4e-05,0.000176
10.03,0.005971,0.005475,0.002276,0.000704
10.033,0.008424,0.007303,0.004113,0.000848
10.038,0.010282,0.008669,0.005488,0.00067
10.043,0.011467,0.009527,0.006355,0.00057
10.046,0.011921,0.009852,0.006689,0.000554
10.05,0.01163,0.00964,0.006485,0.000503
10.054,0.010618,0.008909,0.005762,0.000422
10.058,0.008951,0.007696,0.004557,0.000359
10.062,0.006735,0.006058,0.002928,0.00031
10.066,0.004184,0.004067,0.000946,0.000258
10.07,0.00224,0.00181,-0.001303,0.000206
10.074,0.003777,-0.000618,-0.003723,0.000158
10.077,0.006952,-0.003116,-0.006214,0.000114
10.085,0.010314,-0.005582,-0.008673,7.3e-05
10.089,0.013551,-0.007914,-0.011,3.3e-05
10.092,0.016508,-0.010026,-0.013107,0.000424
10.096,0.019079,-0.011851,-0.014927,0.000863
10.1,0.021139,-0.013319,-0.016392,0.000858
10.104,0.022639,-0.014392,-0.017462,0.000695
10.107,0.023538,-0.015032,-0.018102,0.000633
10.111,0.023805,-0.015222,-0.018292,0.000601
10.115,0.023442,-0.014965,-0.018036,0.000529
10.12,0.022478,-0.014281,-0.017353,0.00045
10.124,0.020964,-0.013204,-0.016278,0.000389
10.131,0.018971,-0.011787,-0.014861,0.000335
10.134,0.016591,-0.010091,-0.013166,0.000279
10.139,0.013931,-0.008192,-0.011266,0.000225
10.143,0.011113,-0.006169,-0.009242,0.000176
10.147,0.008271,-0.004107,-0.007179,0.00013
10.151,0.005569,-0.002091,-0.00516,8.7e-05
10.155,0.003278,-0.000205,-0.00327,8.5e-05
10.159,0.002166,0.001487,-0.001575,-3.1e-05
10.164,0.002956,0.002935,-0.000121,0.00033
10.167,0.00429,0.004101,0.001049,0.0007
10.171,0.005339,0.004949,0.001904,0.000619
10.176,0.00598,0.005452,0.002414,0.000457
10.18,0.006173,0.005599,0.002566,0.000424
10.184,0.0059,0.005391,0.002363,0.000407
10.187,0.005184,0.004843,0.001819,0.000338
10.192,0.004106,0.003982,0.000963,0.000267
10.196,0.002864,0.002851,-0.000164,0.00022
10.2,0.002136,0.001499,-0.001512,0.000176
10.204,0.003024,-1.5e-05,-0.003021,0.000128
10.21,0.004906,-0.001626,-0.004628,8.2e-05
10.215,0.007065,-0.003267,-0.006264,4.2e-05
10.221,0.009248,-0.004869,-0.007862,5e-06
10.225,0.011321,-0.00637,-0.009357,0.000166
10.229,0.013193,-0.007718,-0.0107,4e-05
10.233,0.014811,-0.008877,-0.011855,-3.2e-05
10.238,0.01614,-0.009827,-0.012801,0.000226
10.243,0.017137,-0.010538,-0.013509,0.000371
10.246,0.017767,-0.010989,-0.013958,0.000274
10.251,0.018014,-0.011168,-0.014134,0.000179
10.256,0.017877,-0.011071,-0.014035,0.000158
10.261,0.017363,-0.010707,-0.013669,0.000131
10.264,0.016501,-0.010094,-0.013054,7.8e-05
10.268,0.015331,-0.009261,-0.012218,3.2e-05
10.272,0.013904,-0.008243,-0.011197,-3e-06
10.276,0.012285,-0.007086,-0.010035,-3.7e-05
10.281,0.010544,-0.005836,-0.008781,-7.2e-05
10.285,0.008758,-0.004545,-0.007486,-0.000104
10.289,0.00701,-0.003266,-0.006201,-0.000134
10.293,0.005384,-0.00205,-0.004979,3.2e-05
10.298,0.003969,-0.000934,-0.003857,-1.6e-05
10.302,0.002883,4.4e-05,-0.002872,-0.000249
10.306,0.002224,0.000864,-0.002045,0.000129
10.309,0.002181,0.001509,-0.001394,0.000731
10.314,0.002341,0.001974,-0.000923,0.000855
10.32,0.002438,0.002249,-0.000642,0.000688
10.331,0.002467,0.002326,-0.000559,0.0006
10.337,0.002382,0.00221,-0.000671,0.000581
10.345,0.002202,0.001908,-0.000968,0.00052
10.35,0.002077,0.001435,-0.001437,0.000435
10.355,0.00224,0.000815,-0.002054,0.00037
10.364,0.002809,7.4e-05,-0.00279,0.000318
10.371,0.003702,-0.000754,-0.003615,0.000263
10.378,0.004786,-0.001636,-0.004493,0.000208
10.385,0.005954,-0.002533,-0.005386,0.000165
10.391,0.007135,-0.003409,-0.006258,0.00035
10.395,0.008261,-0.004238,-0.007082,0.000369
10.4,0.009285,-0.004988,-0.007828,0.000234
10.404,0.010178,-0.005638,-0.008473,9.9e-05
10.407,0.010927,-0.006177,-0.009008,0.000327
10.411,0.011519,-0.00659,-0.009418,0.000757
10.415,0.011919,-0.006864,-0.009688,0.001047
10.418,0.012106,-0.007001,-0.009822,0.001034
10.423,0.012094,-0.007002,-0.00982,0.000894
10.428,0.011904,-0.006872,-0.009686,0.000807
10.432,0.011548,-0.006621,-0.009433,0.000748
10.436,0.011044,-0.006263,-0.009072,0.000667
10.44,0.010418,-0.005816,-0.008623,0.000581
10.444,0.0097,-0.005303,-0.008107,0.000511
10.448,0.00893,-0.004745,-0.007546,0.000542
10.453,0.008158,-0.00417,-0.006967,0.000789
10.457,0.007415,-0.00359,-0.006383,0.00116
10.46,0.006656,-0.003006,-0.005795,0.001294
10.465,0.005978,-0.002441,-0.005225,0.001573
10.47,0.005293,-0.00191,-0.004689,0.001541
10.477,0.004631,-0.001438,-0.004213,0.001278
10.481,0.00411,-0.001038,-0.003808,0.001146
10.486,0.003718,-0.00072,-0.003485,0.001076
10.489,0.003582,-0.000486,-0.003248,0.001432
10.493,0.003606,-0.000364,-0.003122,0.001767
10.498,0.003635,-0.000374,-0.003127,0.001815
10.503,0.003693,-0.000498,-0.003246,0.001689
10.508,0.003864,-0.000724,-0.003468,0.001542
10.513,0.004172,-0.001038,-0.003777,0.001435
10.517,0.004609,-0.001417,-0.004153,0.00141
10.522,0.005163,-0.001841,-0.004572,0.001538
10.526,0.005817,-0.002284,-0.005012,0.001871
10.531,0.006407,-0.002734,-0.005457,0.001949
10.535,0.007049,-0.003175,-0.005893,0.002209
10.539,0.007578,-0.0036,-0.006313,0.002147
10.544,0.00803,-0.00398,-0.006689,0.001974
10.549,0.00841,-0.004295,-0.007002,0.001804
10.552,0.008719,-0.004545,-0.007249,0.001679
10.557,0.008973,-0.004728,-0.00743,0.001718
10.561,0.009142,-0.004841,-0.007541,0.001811
10.565,0.009269,-0.004883,-0.007581,0.002145
10.568,0.009363,-0.004864,-0.007558,0.002622
10.573,0.009396,-0.004794,-0.007485,0.003044
10.576,0.009381,-0.00468,-0.007367,0.003441
10.581,0.009351,-0.004526,-0.007209,0.003871
10.584,0.009205,-0.004339,-0.007017,0.004083
10.589,0.009057,-0.004126,-0.006798,0.004336
10.593,0.008773,-0.003887,-0.006554,0.004348
10.599,0.00855,-0.003633,-0.006295,0.004503
10.604,0.00817,-0.003363,-0.00602,0.004382
10.613,0.007864,-0.003101,-0.005753,0.004372
10.622,0.00746,-0.002863,-0.005511,0.004132
10.63,0.006955,-0.002652,-0.005295,0.003647
10.637,0.00656,-0.002467,-0.005107,0.003296
10.642,0.006186,-0.00231,-0.004947,0.002909
10.646,0.005842,-0.002183,-0.004816,0.002484
10.652,0.005589,-0.002085,-0.004715,0.002157
10.656,0.005383,-0.002016,-0.004643,0.001833
10.662,0.005231,-0.001974,-0.004598,0.001524
10.665,0.005139,-0.001958,-0.004579,0.001269
10.67,0.005087,-0.001965,-0.004582,0.001012
10.674,0.005075,-0.001991,-0.004604,0.00077
10.678,0.005099,-0.002034,-0.004643,0.000545
10.682,0.005149,-0.00209,-0.004695,0.000311
10.685,0.005222,-0.002155,-0.004756,8.2e-05
10.689,0.005314,-0.002227,-0.004823,-0.000145
10.693,0.00542,-0.002301,-0.004894,-0.000374
10.697,0.005536,-0.002376,-0.004964,-0.000599
10.701,0.005657,-0.002449,-0.005033,-0.000818
10.705,0.005779,-0.002518,-0.005098,-0.001031
10.709,0.005899,-0.002582,-0.005158,-0.001234
10.713,0.006014,-0.00264,-0.005212,-0.001427
10.717,0.006122,-0.00269,-0.005258,-0.001609
10.721,0.00622,-0.002733,-0.005297,-0.00178
10.724,0.006308,-0.002767,-0.005327,-0.001939
10.728,0.006386,-0.002792,-0.00535,-0.002088
10.732,0.006452,-0.00281,-0.005364,-0.002227
10.735,0.006508,-0.00282,-0.005371,-0.002356
10.739,0.006554,-0.002823,-0.005371,-0.002477
10.743,0.006591,-0.00282,-0.005365,-0.00259
10.746,0.00662,-0.002812,-0.005353,-0.002696
10.75,0.006643,-0.002798,-0.005337,-0.002796
10.754,0.006659,-0.002781,-0.005316,-0.00289
10.758,0.006672,-0.00276,-0.005293,-0.00298
10.762,0.006681,-0.002738,-0.005268,-0.003064
10.765,0.006688,-0.002714,-0.005241,-0.003145
10.769,0.006693,-0.00269,-0.005214,-0.003221
10.772,0.006697,-0.002665,-0.005187,-0.003293
10.777,0.0067,-0.002641,-0.00516,-0.003361
10.781,0.006703,-0.002618,-0.005134,-0.003424
10.785,0.006707,-0.002596,-0.005109,-0.003485
10.789,0.006711,-0.002576,-0.005086,-0.003541
10.794,0.006716,-0.002558,-0.005065,-0.003594
10.798,0.006722,-0.002541,-0.005046,-0.003643
10.802,0.006729,-0.002527,-0.005028,-0.003689
10.806,0.006736,-0.002514,-0.005012,-0.003732
10.81,0.006744,-0.002503,-0.004998,-0.003772
10.815,0.006752,-0.002494,-0.004986,-0.00381
10.819,0.006761,-0.002486,-0.004975,-0.003845
10.823,0.00677,-0.00248,-0.004966,-0.003877
10.828,0.006779,-0.002475,-0.004957,-0.003907
10.832,0.006788,-0.00247,-0.004949,-0.003935
10.836,0.006797,-0.002467,-0.004942,-0.003961
10.84,0.006805,-0.002463,-0.004936,-0.003985
10.844,0.006812,-0.00246,-0.00493,-0.004007
10.85,0.006819,-0.002457,-0.004923,-0.004027
10.854,0.006824,-0.002455,-0.004917,-0.004046
10.858,0.006829,-0.002451,-0.004911,-0.004063
10.864,0.006832,-0.002448,-0.004904,-0.004079
10.868,0.006834,-0.002444,-0.004897,-0.004093
10.872,0.006835,-0.00244,-0.004889,-0.004107
10.875,0.006835,-0.002435,-0.004881,-0.004119
10.88,0.006833,-0.00243,-0.004872,-0.004129
10.885,0.006831,-0.002424,-0.004863,-0.004139
10.894,0.006827,-0.002418,-0.004853,-0.004148
10.9,0.006822,-0.002411,-0.004843,-0.004156
10.904,0.006816,-0.002404,-0.004833,-0.004163
10.908,0.00681,-0.002396,-0.004822,-0.004169
10.912,0.006802,-0.002389,-0.004811,-0.004174
10.917,0.006794,-0.002381,-0.004799,-0.004179
10.92,0.006786,-0.002372,-0.004788,-0.004183
10.923,0.006777,-0.002364,-0.004776,-0.004186
10.928,0.006767,-0.002356,-0.004764,-0.004189
10.932,0.006757,-0.002347,-0.004752,-0.004191
10.936,0.006747,-0.002339,-0.004741,-0.004192
10.941,0.006737,-0.00233,-0.004729,-0.004194
10.945,0.006726,-0.002322,-0.004718,-0.004194
10.948,0.006715,-0.002314,-0.004706,-0.004194
10.952,0.006705,-0.002306,-0.004695,-0.004194
10.957,0.006694,-0.002298,-0.004684,-0.004194
10.963,0.006683,-0.002291,-0.004673,-0.004193
10.966,0.006672,-0.002283,-0.004662,-0.004191
10.971,0.006661,-0.002276,-0.004652,-0.00419
10.974,0.00665,-0.002269,-0.004641,-0.004188
10.98,0.006639,-0.002262,-0.004631,-0.004185
10.983,0.006628,-0.002256,-0.004621,-0.004183
10.987,0.006617,-0.002249,-0.004611,-0.00418
10.99,0.006606,-0.002242,-0.004601,-0.004177
10.994,0.006595,-0.002236,-0.004591,-0.004174
10.998,0.006584,-0.00223,-0.004582,-0.00417
11.002,0.006573,-0.002224,-0.004572,-0.004166
11.005,0.006562,-0.002217,-0.004563,-0.004162
11.01,0.006551,-0.002211,-0.004553,-0.004158
11.014,0.00654,-0.002205,-0.004544,-0.004154
11.02,0.006528,-0.002199,-0.004534,-0.00415
11.028,0.006517,-0.002193,-0.004525,-0.004145
11.035,0.006505,-0.002187,-0.004516,-0.00414
11.041,0.006493,-0.002181,-0.004506,-0.004136
11.047,0.006481,-0.002174,-0.004497,-0.004131
11.051,0.00647,-0.002168,-0.004487,-0.004125
11.055,0.006458,-0.002162,-0.004478,-0.00412
11.058,0.006446,-0.002156,-0.004468,-0.004115
11.063,0.006433,-0.00215,-0.004459,-0.00411
11.066,0.006421,-0.002143,-0.004449,-0.004104
11.071,0.006409,-0.002137,-0.00444,-0.004099
11.075,0.006397,-0.002131,-0.00443,-0.004093
11.079,0.006384,-0.002124,-0.004421,-0.004087
11.083,0.006372,-0.002118,-0.004411,-0.004081
11.087,0.00636,-0.002112,-0.004402,-0.004076
11.091,0.006347,-0.002106,-0.004392,-0.00407
11.096,0.006335,-0.002099,-0.004383,-0.004064
11.099,0.006322,-0.002093,-0.004373,-0.004058
11.103,0.00631,-0.002087,-0.004364,-0.004052
11.108,0.006297,-0.002081,-0.004354,-0.004046
11.113,0.006285,-0.002074,-0.004345,-0.00404
11.117,0.006272,-0.002068,-0.004335,-0.004033
11.122,0.00626,-0.002062,-0.004326,-0.004027
11.127,0.006247,-0.002056,-0.004317,-0.004021
11.131,0.006235,-0.00205,-0.004308,-0.004015
11.135,0.006223,-0.002044,-0.004298,-0.004008
11.139,0.00621,-0.002038,-0.004289,-0.004002
11.143,0.006198,-0.002032,-0.00428,-0.003996
11.147,0.006185,-0.002026,-0.004271,-0.003989
11.152,0.006173,-0.00202,-0.004262,-0.003983
11.156,0.006161,-0.002014,-0.004253,-0.003977
11.16,0.006148,-0.002008,-0.004244,-0.00397
11.165,0.006136,-0.002002,-0.004234,-0.003964
11.17,0.006124,-0.001996,-0.004225,-0.003957
11.175,0.006112,-0.00199,-0.004216,-0.003951
11.178,0.006099,-0.001985,-0.004207,-0.003945
11.183,0.006087,-0.001979,-0.004199,-0.003938
11.187,0.006075,-0.001973,-0.00419,-0.003932
11.191,0.006063,-0.001967,-0.004181,-0.003925
11.195,0.00605,-0.001961,-0.004172,-0.003919
11.199,0.006038,-0.001956,-0.004163,-0.003912
11.204,0.006026,-0.00195,-0.004154,-0.003906
11.208,0.006014,-0.001944,-0.004145,-0.003899
11.211,0.006002,-0.001938,-0.004136,-0.003893
11.216,0.00599,-0.001933,-0.004127,-0.003886
11.219,0.005977,-0.001927,-0.004119,-0.00388
11.224,0.005965,-0.001921,-0.00411,-0.003873
11.228,0.005953,-0.001915,-0.004101,-0.003867
11.231,0.005941,-0.00191,-0.004092,-0.00386
11.235,0.005929,-0.001904,-0.004084,-0.003854
11.238,0.005917,-0.001898,-0.004075,-0.003847
11.243,0.005905,-0.001893,-0.004066,-0.003841
11.246,0.005893,-0.001887,-0.004057,-0.003834
11.25,0.005881,-0.001881,-0.004049,-0.003828
11.254,0.005869,-0.001876,-0.00404,-0.003822
11.257,0.005857,-0.00187,-0.004031,-0.003815
11.261,0.005845,-0.001865,-0.004023,-0.003809
11.266,0.005833,-0.001859,-0.004014,-0.003802
11.27,0.005821,-0.001853,-0.004006,-0.003796
11.274,0.005809,-0.001848,-0.003997,-0.003789
11.279,0.005798,-0.001842,-0.003988,-0.003783
11.283,0.005786,-0.001837,-0.00398,-0.003776
11.288,0.005774,-0.001831,-0.003971,-0.00377
11.292,0.005762,-0.001826,-0.003963,-0.003764
11.296,0.00575,-0.00182,-0.003954,-0.003757
11.301,0.005739,-0.001815,-0.003946,-0.003751
11.305,0.005727,-0.001809,-0.003937,-0.003744
11.31,0.005715,-0.001804,-0.003929,-0.003738
11.314,0.005704,-0.001798,-0.003921,-0.003732
11.317,0.005692,-0.001793,-0.003912,-0.003725
11.321,0.00568,-0.001788,-0.003904,-0.003719
11.325,0.005669,-0.001782,-0.003895,-0.003713
11.329,0.005657,-0.001777,-0.003887,-0.003706
11.332,0.005646,-0.001771,-0.003879,-0.0037
11.336,0.005634,-0.001766,-0.00387,-0.003694
11.34,0.005622,-0.001761,-0.003862,-0.003687
11.344,0.005611,-0.001755,-0.003854,-0.003681
11.348,0.0056,-0.00175,-0.003845,-0.003675
11.352,0.005588,-0.001745,-0.003837,-0.003668
11.357,0.005577,-0.001739,-0.003829,-0.003662
11.361,0.005565,-0.001734,-0.003821,-0.003656
11.365,0.005554,-0.001729,-0.003813,-0.00365
11.37,0.005542,-0.001724,-0.003804,-0.003643
11.373,0.005531,-0.001718,-0.003796,-0.003637
11.376,0.00552,-0.001713,-0.003788,-0.003631
11.381,0.005508,-0.001708,-0.00378,-0.003625
11.386,0.005497,-0.001703,-0.003772,-0.003619
11.389,0.005486,-0.001697,-0.003764,-0.003612
11.392,0.005475,-0.001692,-0.003755,-0.003606
11.396,0.005463,-0.001687,-0.003747,-0.0036
11.4,0.005452,-0.001682,-0.003739,-0.003594
11.403,0.005441,-0.001676,-0.003731,-0.003588
11.407,0.00543,-0.001671,-0.003723,-0.003582
11.411,0.005419,-0.001666,-0.003715,-0.003575
11.416,0.005408,-0.001661,-0.003707,-0.003569
11.419,0.005396,-0.001656,-0.003699,-0.003563
11.424,0.005385,-0.001651,-0.003691,-0.003557
11.427,0.005374,-0.001646,-0.003683,-0.003551
11.431,0.005363,-0.001641,-0.003675,-0.003545
11.435,0.005352,-0.001635,-0.003667,-0.003539
11.44,0.005341,-0.00163,-0.003659,-0.003533
11.443,0.00533,-0.001625,-0.003652,-0.003527
11.447,0.005319,-0.00162,-0.003644,-0.003521
11.45,0.005308,-0.001615,-0.003636,-0.003515
11.454,0.005298,-0.00161,-0.003628,-0.003509
11.457,0.005287,-0.001605,-0.00362,-0.003503
11.461,0.005276,-0.0016,-0.003612,-0.003497
11.465,0.005265,-0.001595,-0.003604,-0.003491
11.47,0.005254,-0.00159,-0.003597,-0.003485
11.473,0.005243,-0.001585,-0.003589,-0.003479
11.477,0.005233,-0.00158,-0.003581,-0.003473
11.481,0.005222,-0.001575,-0.003573,-0.003467
11.484,0.005211,-0.00157,-0.003566,-0.003461
11.487,0.0052,-0.001565,-0.003558,-0.003455
11.491,0.00519,-0.00156,-0.00355,-0.003449
11.495,0.005179,-0.001556,-0.003542,-0.003443
11.499,0.005168,-0.001551,-0.003535,-0.003437
11.502,0.005158,-0.001546,-0.003527,-0.003431
11.507,0.005147,-0.001541,-0.00352,-0.003425
11.511,0.005137,-0.001536,-0.003512,-0.003419
11.515,0.005126,-0.001531,-0.003504,-0.003413
11.52,0.005115,-0.001526,-0.003497,-0.003408
11.524,0.005105,-0.001521,-0.003489,-0.003402
11.53,0.005094,-0.001517,-0.003481,-0.003396
11.534,0.005084,-0.001512,-0.003474,-0.00339
11.537,0.005073,-0.001507,-0.003466,-0.003384
11.541,0.005063,-0.001502,-0.003459,-0.003378
11.548,0.005053,-0.001497,-0.003451,-0.003373
11.552,0.005042,-0.001493,-0.003444,-0.003367
11.556,0.005032,-0.001488,-0.003436,-0.003361
11.559,0.005021,-0.001483,-0.003429,-0.003355
11.563,0.005011,-0.001478,-0.003421,-0.00335
11.567,0.005001,-0.001474,-0.003414,-0.003344
11.571,0.00499,-0.001469,-0.003407,-0.003338
11.575,0.00498,-0.001464,-0.003399,-0.003332
11.579,0.00497,-0.001459,-0.003392,-0.003327
11.583,0.00496,-0.001455,-0.003384,-0.003321
11.586,0.004949,-0.00145,-0.003377,-0.003315
11.59,0.004939,-0.001445,-0.00337,-0.00331
11.595,0.004929,-0.001441,-0.003362,-0.003304
11.598,0.004919,-0.001436,-0.003355,-0.003298
11.602,0.004909,-0.001431,-0.003348,-0.003292
11.607,0.004899,-0.001427,-0.00334,-0.003287
11.612,0.004889,-0.001422,-0.003333,-0.003281
11.615,0.004878,-0.001418,-0.003326,-0.003276
11.619,0.004868,-0.001413,-0.003319,-0.00327
11.624,0.004858,-0.001408,-0.003311,-0.003264
11.627,0.004848,-0.001404,-0.003304,-0.003259
11.632,0.004838,-0.001399,-0.003297,-0.003253
11.636,0.004828,-0.001395,-0.00329,-0.003248
11.64,0.004818,-0.00139,-0.003282,-0.003242
11.645,0.004808,-0.001386,-0.003275,-0.003236
11.649,0.004799,-0.001381,-0.003268,-0.003231
11.652,0.004789,-0.001376,-0.003261,-0.003225
11.657,0.004779,-0.001372,-0.003254,-0.00322
11.66,0.004769,-0.001367,-0.003247,-0.003214
11.664,0.004759,-0.001363,-0.00324,-0.003209
11.668,0.004749,-0.001358,-0.003232,-0.003203
11.672,0.004739,-0.001354,-0.003225,-0.003198
11.676,0.00473,-0.00135,-0.003218,-0.003192
11.681,0.00472,-0.001345,-0.003211,-0.003187
11.684,0.00471,-0.001341,-0.003204,-0.003181
11.689,0.0047,-0.001336,-0.003197,-0.003176
11.693,0.004691,-0.001332,-0.00319,-0.00317
11.696,0.004681,-0.001327,-0.003183,-0.003165
11.7,0.004671,-0.001323,-0.003176,-0.003159
11.705,0.004662,-0.001319,-0.003169,-0.003154
11.709,0.004652,-0.001314,-0.003162,-0.003149
11.713,0.004642,-0.00131,-0.003155,-0.003143
11.716,0.004633,-0.001305,-0.003148,-0.003138
11.721,0.004623,-0.001301,-0.003142,-0.003132
11.726,0.004614,-0.001297,-0.003135,-0.003127
11.729,0.004604,-0.001292,-0.003128,-0.003122
11.733,0.004595,-0.001288,-0.003121,-0.003116
11.738,0.004585,-0.001284,-0.003114,-0.003111
11.741,0.004576,-0.001279,-0.003107,-0.003106
11.745,0.004566,-0.001275,-0.0031,-0.0031
11.75,0.004557,-0.001271,-0.003093,-0.003095
11.753,0.004547,-0.001267,-0.003087,-0.00309
11.758,0.004538,-0.001262,-0.00308,-0.003084
11.763,0.004529,-0.001258,-0.003073,-0.003079
11.768,0.004519,-0.001254,-0.003066,-0.003074
11.771,0.00451,-0.00125,-0.00306,-0.003069
11.775,0.0045,-0.001245,-0.003053,-0.003063
11.779,0.004491,-0.001241,-0.003046,-0.003058
11.784,0.004482,-0.001237,-0.003039,-0.003053
11.788,0.004473,-0.001233,-0.003033,-0.003047
11.794,0.004463,-0.001228,-0.003026,-0.003042
11.799,0.004454,-0.001224,-0.003019,-0.003037
11.803,0.004445,-0.00122,-0.003013,-0.003032
11.806,0.004436,-0.001216,-0.003006,-0.003027
11.814,0.004426,-0.001212,-0.002999,-0.003021
11.821,0.004417,-0.001208,-0.002993,-0.003016
11.827,0.004408,-0.001203,-0.002986,-0.003011
11.83,0.004399,-0.001199,-0.00298,-0.003006
11.834,0.00439,-0.001195,-0.002973,-0.003001
11.838,0.004381,-0.001191,-0.002966,-0.002996
11.842,0.004372,-0.001187,-0.00296,-0.00299
11.846,0.004363,-0.001183,-0.002953,-0.002985
11.849,0.004354,-0.001179,-0.002947,-0.00298
11.854,0.004345,-0.001175,-0.00294,-0.002975
11.858,0.004336,-0.001171,-0.002934,-0.00297
11.862,0.004327,-0.001167,-0.002927,-0.002965
11.866,0.004318,-0.001163,-0.002921,-0.00296
11.87,0.004309,-0.001159,-0.002914,-0.002955
11.874,0.0043,-0.001155,-0.002908,-0.00295
11.879,0.004291,-0.00115,-0.002901,-0.002945
11.883,0.004282,-0.001146,-0.002895,-0.002939
11.888,0.004273,-0.001142,-0.002888,-0.002934
11.891,0.004264,-0.001138,-0.002882,-0.002929
11.895,0.004255,-0.001134,-0.002876,-0.002924
11.898,0.004247,-0.00113,-0.002869,-0.002919
11.902,0.004238,-0.001127,-0.002863,-0.002914
11.908,0.004229,-0.001123,-0.002856,-0.002909
11.912,0.00422,-0.001119,-0.00285,-0.002904
11.918,0.004211,-0.001115,-0.002844,-0.002899
11.921,0.004203,-0.001111,-0.002837,-0.002894
11.925,0.004194,-0.001107,-0.002831,-0.002889
11.929,0.004185,-0.001103,-0.002825,-0.002884
11.934,0.004177,-0.001099,-0.002819,-0.002879
11.939,0.004168,-0.001095,-0.002812,-0.002875
11.943,0.004159,-0.001091,-0.002806,-0.00287
11.946,0.004151,-0.001087,-0.0028,-0.002865
11.952,0.004142,-0.001083,-0.002794,-0.00286
11.956,0.004133,-0.00108,-0.002787,-0.002855
11.96,0.004125,-0.001076,-0.002781,-0.00285
11.963,0.004116,-0.001072,-0.002775,-0.002845
11.968,0.004108,-0.001068,-0.002769,-0.00284
11.973,0.004099,-0.001064,-0.002763,-0.002835
11.977,0.004091,-0.00106,-0.002756,-0.00283
11.982,0.004082,-0.001057,-0.00275,-0.002826
11.986,0.004074,-0.001053,-0.002744,-0.002821
11.989,0.004065,-0.001049,-0.002738,-0.002816
11.993,0.004057,-0.001045,-0.002732,-0.002811
11.998,0.004048,-0.001041,-0.002726,-0.002806
12.001,0.00404,-0.001038,-0.00272,-0.002801
12.005,0.004032,-0.001034,-0.002714,-0.002797
12.01,0.004023,-0.00103,-0.002707,-0.002792
12.015,0.004015,-0.001026,-0.002701,-0.002787
12.019,0.004006,-0.001023,-0.002695,-0.002782
12.024,0.003998,-0.001019,-0.002689,-0.002777
12.029,0.00399,-0.001015,-0.002683,-0.002773
12.034,0.003981,-0.001011,-0.002677,-0.002768
12.039,0.003973,-0.001008,-0.002671,-0.002763
12.044,0.003965,-0.001004,-0.002665,-0.002758
12.048,0.003957,-0.001,-0.002659,-0.002754
12.052,0.003948,-0.000997,-0.002653,-0.002749
12.058,0.00394,-0.000993,-0.002647,-0.002744
12.064,0.003932,-0.000989,-0.002641,-0.002739
12.069,0.003924,-0.000986,-0.002636,-0.002735
12.074,0.003916,-0.000982,-0.00263,-0.00273
12.078,0.003908,-0.000978,-0.002624,-0.002725
12.081,0.003899,-0.000975,-0.002618,-0.002721
12.086,0.003891,-0.000971,-0.002612,-0.002716
12.09,0.003883,-0.000968,-0.002606,-0.002711
12.094,0.003875,-0.000964,-0.0026,-0.002707
12.098,0.003867,-0.00096,-0.002594,-0.002702
12.101,0.003859,-0.000957,-0.002589,-0.002697
12.107,0.003851,-0.000953,-0.002583,-0.002693
12.11,0.003843,-0.00095,-0.002577,-0.002688
12.114,0.003835,-0.000946,-0.002571,-0.002684
12.118,0.003827,-0.000943,-0.002565,-0.002679
12.122,0.003819,-0.000939,-0.002559,-0.002674
12.126,0.003811,-0.000935,-0.002554,-0.00267
12.13,0.003803,-0.000932,-0.002548,-0.002665
12.135,0.003795,-0.000928,-0.002542,-0.002661
12.14,0.003787,-0.000925,-0.002536,-0.002656
12.144,0.003779,-0.000921,-0.002531,-0.002651
12.148,0.003772,-0.000918,-0.002525,-0.002647
12.152,0.003764,-0.000914,-0.002519,-0.002642
12.156,0.003756,-0.000911,-0.002514,-0.002638
12.162,0.003748,-0.000907,-0.002508,-0.002633
12.166,0.00374,-0.000904,-0.002502,-0.002629
12.169,0.003732,-0.000901,-0.002497,-0.002624
12.175,0.003725,-0.000897,-0.002491,-0.00262
12.18,0.003717,-0.000894,-0.002485,-0.002615
12.184,0.003709,-0.00089,-0.00248,-0.002611
12.189,0.003701,-0.000887,-0.002474,-0.002606
12.194,0.003694,-0.000883,-0.002469,-0.002602
12.199,0.003686,-0.00088,-0.002463,-0.002597
12.205,0.003678,-0.000877,-0.002457,-0.002593
12.209,0.003671,-0.000873,-0.002452,-0.002588
12.213,0.003663,-0.00087,-0.002446,-0.002584
12.218,0.003655,-0.000866,-0.002441,-0.00258
12.223,0.003648,-0.000863,-0.002435,-0.002575
12.228,0.00364,-0.00086,-0.00243,-0.002571
12.232,0.003633,-0.000856,-0.002424,-0.002566
12.236,0.003625,-0.000853,-0.002419,-0.002562
12.241,0.003617,-0.00085,-0.002413,-0.002558
12.245,0.00361,-0.000846,-0.002408,-0.002553
12.248,0.003602,-0.000843,-0.002402,-0.002549
12.252,0.003595,-0.00084,-0.002397,-0.002544
12.255,0.003587,-0.000836,-0.002391,-0.00254
12.259,0.00358,-0.000833,-0.002386,-0.002536
12.262,0.003572,-0.00083,-0.00238,-0.002531
12.266,0.003565,-0.000826,-0.002375,-0.002527
12.269,0.003557,-0.000823,-0.00237,-0.002523
12.273,0.00355,-0.00082,-0.002364,-0.002518
12.277,0.003543,-0.000817,-0.002359,-0.002514
12.281,0.003535,-0.000813,-0.002353,-0.00251
12.286,0.003528,-0.00081,-0.002348,-0.002505
12.29,0.00352,-0.000807,-0.002343,-0.002501
12.294,0.003513,-0.000804,-0.002337,-0.002497
12.297,0.003506,-0.0008,-0.002332,-0.002492
12.303,0.003498,-0.000797,-0.002327,-0.002488
12.307,0.003491,-0.000794,-0.002321,-0.002484
12.31,0.003484,-0.000791,-0.002316,-0.00248
12.313,0.003477,-0.000787,-0.002311,-0.002475
12.318,0.003469,-0.000784,-0.002305,-0.002471
12.322,0.003462,-0.000781,-0.0023,-0.002467
12.325,0.003455,-0.000778,-0.002295,-0.002463
12.328,0.003448,-0.000775,-0.00229,-0.002458
12.332,0.00344,-0.000772,-0.002284,-0.002454
12.336,0.003433,-0.000768,-0.002279,-0.00245
12.34,0.003426,-0.000765,-0.002274,-0.002446
12.343,0.003419,-0.000762,-0.002269,-0.002442
12.346,0.003412,-0.000759,-0.002264,-0.002437
12.351,0.003405,-0.000756,-0.002258,-0.002433
12.354,0.003398,-0.000753,-0.002253,-0.002429
12.358,0.00339,-0.00075,-0.002248,-0.002425
12.361,0.003383,-0.000746,-0.002243,-0.002421
12.364,0.003376,-0.000743,-0.002238,-0.002416
12.368,0.003369,-0.00074,-0.002233,-0.002412
12.372,0.003362,-0.000737,-0.002227,-0.002408
12.376,0.003355,-0.000734,-0.002222,-0.002404
12.381,0.003348,-0.000731,-0.002217,-0.0024
12.385,0.003341,-0.000728,-0.002212,-0.002396
12.389,0.003334,-0.000725,-0.002207,-0.002392
12.392,0.003327,-0.000722,-0.002202,-0.002388
12.396,0.00332,-0.000719,-0.002197,-0.002383
12.4,0.003313,-0.000716,-0.002192,-0.002379
12.404,0.003306,-0.000713,-0.002187,-0.002375
12.407,0.003299,-0.00071,-0.002182,-0.002371
12.411,0.003293,-0.000707,-0.002177,-0.002367
12.415,0.003286,-0.000704,-0.002172,-0.002363
12.418,0.003279,-0.000701,-0.002167,-0.002359
12.423,0.003272,-0.000698,-0.002162,-0.002355
12.426,0.003265,-0.000695,-0.002157,-0.002351
12.43,0.003258,-0.000692,-0.002152,-0.002347
12.434,0.003251,-0.000689,-0.002147,-0.002343
12.437,0.003245,-0.000686,-0.002142,-0.002339
12.44,0.003238,-0.000683,-0.002137,-0.002335
12.444,0.003231,-0.00068,-0.002132,-0.002331
12.447,0.003224,-0.000677,-0.002127,-0.002327
12.451,0.003218,-0.000674,-0.002122,-0.002323
12.455,0.003211,-0.000671,-0.002117,-0.002319
12.458,0.003204,-0.000668,-0.002112,-0.002315
12.463,0.003197,-0.000665,-0.002107,-0.002311
12.466,0.003191,-0.000662,-0.002103,-0.002307
12.469,0.003184,-0.000659,-0.002098,-0.002303
12.473,0.003177,-0.000657,-0.002093,-0.002299
12.477,0.003171,-0.000654,-0.002088,-0.002295
12.481,0.003164,-0.000651,-0.002083,-0.002291
12.485,0.003158,-0.000648,-0.002078,-0.002287
12.489,0.003151,-0.000645,-0.002073,-0.002283
12.493,0.003144,-0.000642,-0.002069,-0.002279
12.496,0.003138,-0.000639,-0.002064,-0.002275
12.501,0.003131,-0.000636,-0.002059,-0.002272
12.504,0.003125,-0.000634,-0.002054,-0.002268
12.507,0.003118,-0.000631,-0.002049,-0.002264
12.51,0.003112,-0.000628,-0.002045,-0.00226
12.515,0.003105,-0.000625,-0.00204,-0.002256
12.518,0.003099,-0.000622,-0.002035,-0.002252
12.521,0.003092,-0.000619,-0.00203,-0.002248
12.526,0.003086,-0.000617,-0.002026,-0.002244
12.529,0.003079,-0.000614,-0.002021,-0.00224
12.532,0.003073,-0.000611,-0.002016,-0.002237
12.536,0.003066,-0.000608,-0.002012,-0.002233
12.54,0.00306,-0.000606,-0.002007,-0.002229
12.543,0.003053,-0.000603,-0.002002,-0.002225
12.546,0.003047,-0.0006,-0.001998,-0.002221
12.551,0.003041,-0.000597,-0.001993,-0.002218
12.554,0.003034,-0.000594,-0.001988,-0.002214
12.557,0.003028,-0.000592,-0.001984,-0.00221
12.562,0.003022,-0.000589,-0.001979,-0.002206
12.565,0.003015,-0.000586,-0.001974,-0.002202
12.569,0.003009,-0.000584,-0.00197,-0.002199
12.573,0.003003,-0.000581,-0.001965,-0.002195
12.576,0.002996,-0.000578,-0.00196,-0.002191
12.581,0.00299,-0.000575,-0.001956,-0.002187
12.585,0.002984,-0.000573,-0.001951,-0.002183
12.589,0.002978,-0.00057,-0.001947,-0.00218
12.594,0.002971,-0.000567,-0.001942,-0.002176
12.598,0.002965,-0.000565,-0.001938,-0.002172
12.602,0.002959,-0.000562,-0.001933,-0.002169
12.606,0.002953,-0.000559,-0.001929,-0.002165
12.61,0.002946,-0.000557,-0.001924,-0.002161
12.614,0.00294,-0.000554,-0.001919,-0.002157
12.618,0.002934,-0.000551,-0.001915,-0.002154
12.622,0.002928,-0.000549,-0.00191,-0.00215
12.626,0.002922,-0.000546,-0.001906,-0.002146
12.63,0.002916,-0.000543,-0.001902,-0.002143
12.633,0.00291,-0.000541,-0.001897,-0.002139
12.637,0.002904,-0.000538,-0.001893,-0.002135
12.642,0.002897,-0.000536,-0.001888,-0.002132
12.648,0.002891,-0.000533,-0.001884,-0.002128
12.653,0.002885,-0.00053,-0.001879,-0.002124
12.656,0.002879,-0.000528,-0.001875,-0.002121
12.66,0.002873,-0.000525,-0.00187,-0.002117
12.664,0.002867,-0.000523,-0.001866,-0.002113
12.668,0.002861,-0.00052,-0.001862,-0.00211
12.671,0.002855,-0.000517,-0.001857,-0.002106
12.676,0.002849,-0.000515,-0.001853,-0.002102
12.679,0.002843,-0.000512,-0.001848,-0.002099
12.683,0.002837,-0.00051,-0.001844,-0.002095
12.687,0.002831,-0.000507,-0.00184,-0.002092
12.692,0.002825,-0.000505,-0.001835,-0.002088
12.695,0.00282,-0.000502,-0.001831,-0.002084
12.699,0.002814,-0.0005,-0.001827,-0.002081
12.703,0.002808,-0.000497,-0.001822,-0.002077
12.706,0.002802,-0.000495,-0.001818,-0.002074
12.711,0.002796,-0.000492,-0.001814,-0.00207
12.715,0.00279,-0.00049,-0.001809,-0.002067
12.72,0.002784,-0.000487,-0.001805,-0.002063
12.724,0.002778,-0.000485,-0.001801,-0.00206
12.729,0.002773,-0.000482,-0.001797,-0.002056
12.734,0.002767,-0.00048,-0.001792,-0.002052
12.738,0.002761,-0.000477,-0.001788,-0.002049
12.742,0.002755,-0.000475,-0.001784,-0.002045
12.746,0.002749,-0.000472,-0.00178,-0.002042
12.751,0.002744,-0.00047,-0.001775,-0.002038
12.755,0.002738,-0.000467,-0.001771,-0.002035
12.759,0.002732,-0.000465,-0.001767,-0.002031
12.766,0.002726,-0.000462,-0.001763,-0.002028
12.769,0.002721,-0.00046,-0.001759,-0.002024
12.773,0.002715,-0.000458,-0.001754,-0.002021
12.778,0.002709,-0.000455,-0.00175,-0.002017
12.783,0.002704,-0.000453,-0.001746,-0.002014
12.787,0.002698,-0.00045,-0.001742,-0.002011
12.79,0.002692,-0.000448,-0.001738,-0.002007
12.794,0.002687,-0.000445,-0.001734,-0.002004
12.799,0.002681,-0.000443,-0.001729,-0.002
12.803,0.002675,-0.000441,-0.001725,-0.001997
12.806,0.00267,-0.000438,-0.001721,-0.001993
12.81,0.002664,-0.000436,-0.001717,-0.00199
12.815,0.002659,-0.000434,-0.001713,-0.001987
12.819,0.002653,-0.000431,-0.001709,-0.001983
12.824,0.002647,-0.000429,-0.001705,-0.00198
12.828,0.002642,-0.000426,-0.001701,-0.001976
12.832,0.002636,-0.000424,-0.001697,-0.001973
12.836,0.002631,-0.000422,-0.001693,-0.00197
12.84,0.002625,-0.000419,-0.001688,-0.001966
12.845,0.00262,-0.000417,-0.001684,-0.001963
12.848,0.002614,-0.000415,-0.00168,-0.001959
12.852,0.002609,-0.000412,-0.001676,-0.001956
12.856,0.002603,-0.00041,-0.001672,-0.001953
12.86,0.002598,-0.000408,-0.001668,-0.001949
12.864,0.002593,-0.000406,-0.001664,-0.001946
12.868,0.002587,-0.000403,-0.00166,-0.001943
12.872,0.002582,-0.000401,-0.001656,-0.001939
12.878,3.999602,3.999601,-0.001652,-0.001936
12.882,3.999378,3.999374,-0.001478,-0.005771
12.885,3.997457,3.997434,8.3e-05,-0.013558
12.89,3.992765,3.992733,0.005406,-0.014866
12.893,3.985506,3.985479,0.014364,-0.003455
12.897,3.974647,3.974541,0.027047,0.010416
12.901,3.95907,3.958796,0.044277,0.01443
12.905,3.938861,3.938296,0.065808,0.011018
12.91,3.914554,3.91349,0.090862,0.008801
12.914,3.886299,3.884464,0.118977,0.009956
12.921,3.8539,3.850964,0.14998,0.011252
12.925,3.817253,3.81282,0.183608,0.010718
12.929,3.77658,3.770191,0.219359,0.009939
12.932,3.73212,3.723267,0.256709,0.010138
12.936,3.683862,3.671993,0.295304,0.010144
12.942,3.631868,3.616393,0.334777,0.009632
12.948,3.576373,3.556676,0.374699,0.009865
12.953,3.517399,3.492853,0.414707,0.009694
12.957,3.455098,3.425076,0.454394,0.009097
12.962,3.3897,3.353594,0.493351,0.008802
12.966,3.321324,3.278561,0.531192,0.008394
12.972,3.250124,3.200178,0.567545,0.007868
12.979,3.176265,3.118675,0.602058,0.00748
12.984,3.099863,3.034245,0.634395,0.007073
12.987,3.021036,2.9471,0.664239,0.006641
12.992,2.939897,2.85746,0.691291,0.006275
12.996,2.856532,2.765525,0.715269,0.005917
12.999,2.771017,2.671505,0.735911,0.005565
13.003,2.683417,2.575604,0.752969,0.00525
13.008,2.593777,2.478018,0.766214,0.004952
13.011,2.502132,2.378939,0.775432,0.004669
13.017,2.408504,2.278554,0.780425,0.004411
13.02,2.312898,2.177041,0.781009,0.004173
13.025,2.215313,2.074571,0.777014,0.003952
13.028,2.115736,1.97131,0.768286,0.003752
13.034,2.014145,1.867411,0.754681,0.00357
13.041,1.910524,1.763027,0.736088,0.003405
13.046,1.804972,1.658378,0.712525,0.003555
13.051,1.69764,1.553755,0.683965,0.00416
13.055,1.588867,1.449693,0.65028,0.004976
13.06,1.479086,1.346747,0.611501,0.005647
13.064,1.368754,1.245308,0.568032,0.006045
13.067,1.258655,1.145899,0.520663,0.006308
13.072,1.149625,1.049011,0.470291,0.006277
13.076,1.042327,0.95504,0.417503,0.005993
13.08,0.93744,0.864346,0.362859,0.005701
13.084,0.835674,0.777267,0.306885,0.005345
13.089,0.737805,0.694112,0.250078,0.004942
13.093,0.644713,0.615162,0.1929,0.004571
13.096,0.557479,0.540674,0.135782,0.004203
13.1,0.477503,0.470886,0.079129,0.003841
13.104,0.406698,0.406014,0.023322,0.003509
13.108,0.347684,0.346259,-0.031283,0.003196
13.111,0.303765,0.291804,-0.084352,0.002903
13.116,0.278113,0.242818,-0.13557,0.002638
13.12,0.271774,0.199402,-0.184641,0.002693
13.124,0.282214,0.161679,-0.231289,0.003114
13.127,0.304334,0.129783,-0.27525,0.003608
13.131,0.332908,0.103846,-0.316272,0.003918
13.135,0.363966,0.08397,-0.354124,0.004038
13.139,0.394902,0.070208,-0.388588,0.004126
13.146,0.42408,0.062375,-0.419446,0.004294
13.153,0.450523,0.060096,-0.446474,0.00454
13.158,0.473665,0.062843,-0.469453,0.004779
13.162,0.493167,0.069849,-0.488169,0.005063
13.165,0.508781,0.080218,-0.502391,0.005063
13.169,0.520384,0.093266,-0.511935,0.00482
13.172,0.52792,0.108418,-0.516647,0.00462
13.176,0.531325,0.12513,-0.516362,0.004366
13.18,0.530556,0.142884,-0.510938,0.004069
13.184,0.525591,0.161193,-0.500248,0.003822
13.188,0.516482,0.179596,-0.484235,0.0039
13.193,0.503292,0.197662,-0.462833,0.004315
13.197,0.486293,0.214981,-0.436166,0.004757
13.201,0.466015,0.231157,-0.404613,0.004977
13.205,0.44333,0.245814,-0.368906,0.005041
13.209,0.419295,0.258593,-0.330018,0.00509
13.213,0.39473,0.269157,-0.288691,0.004854
13.216,0.370344,0.277208,-0.24554,0.004549
13.221,0.346838,0.282509,-0.201159,0.004502
13.226,0.324822,0.284815,-0.156099,0.004741
13.23,0.304802,0.283884,-0.110854,0.005031
13.237,0.287195,0.279485,-0.065895,0.005167
13.245,0.272344,0.271432,-0.021674,0.005146
13.251,0.260656,0.259728,0.021387,0.005093
13.254,0.252551,0.244542,0.062891,0.005112
13.259,0.248369,0.226189,0.102465,0.0052
13.263,0.248269,0.205125,0.139757,0.005412
13.266,0.252179,0.182023,0.17444,0.005733
13.271,0.259628,0.157672,0.20619,0.005655
13.275,0.269684,0.132687,0.234724,0.005334
13.278,0.281217,0.107557,0.259786,0.005065
13.283,0.293084,0.08275,0.281121,0.004709
13.286,0.304248,0.058708,0.298499,0.004322
13.29,0.313789,0.035843,0.311709,0.003995
13.295,0.320897,0.014538,0.320546,0.003669
13.3,0.324876,-0.004847,0.324823,0.003361
13.306,0.325124,-0.021977,0.324365,0.003106
13.31,0.321168,-0.036543,0.319066,0.003187
13.316,0.312538,-0.048254,0.308772,0.00336
13.32,0.299015,-0.056777,0.293555,0.003495
13.324,0.28063,-0.061806,0.273713,0.003761
13.328,0.257562,-0.063305,0.249627,0.00414
13.331,0.230246,-0.061324,0.221885,0.004429
13.335,0.199308,-0.056048,0.191211,0.004526
13.339,0.165394,-0.047802,0.158271,0.004513
13.343,0.129184,-0.037016,0.123683,0.004561
13.346,0.09146,-0.024237,0.088035,0.005225
13.35,0.053072,-0.010097,0.051829,0.00534
13.354,0.017016,0.004731,0.015565,0.004991
13.358,0.028707,0.019738,-0.02028,0.004821
13.362,0.065299,0.034475,-0.055274,0.00449
13.366,0.101454,0.048508,-0.089014,0.004051
13.368,0.135861,0.061431,-0.121123,0.00372
13.373,0.167919,0.072868,-0.151247,0.003366
13.377,0.197187,0.082509,-0.179065,0.003252
13.381,0.223267,0.090045,-0.204274,0.003504
13.385,0.245795,0.095186,-0.226583,0.003883
13.389,0.264468,0.097725,-0.245716,0.00412
13.393,0.279066,0.097567,-0.261422,0.004165
13.398,0.289446,0.094733,-0.273473,0.004152
13.402,0.295518,0.089342,-0.281658,0.004218
13.406,0.297231,0.081604,-0.285775,0.004381
13.41,0.294585,0.071784,-0.285669,0.004572
13.414,0.287597,0.060242,-0.281177,0.004727
13.419,0.276312,0.047403,-0.272172,0.004831
13.424,0.260937,0.033746,-0.258699,0.004892
13.429,0.241869,0.019771,-0.241008,0.004939
13.433,0.219669,0.005977,-0.219531,0.004989
13.437,0.19514,-0.007169,-0.19494,0.005168
13.441,0.169254,-0.019229,-0.168079,0.005157
13.446,0.142888,-0.029794,-0.139664,0.004832
13.451,0.116892,-0.038531,-0.110265,0.004553
13.456,0.092357,-0.04517,-0.080427,0.004577
13.46,0.070991,-0.049517,-0.050643,0.004806
13.464,0.055926,-0.051443,-0.021363,0.004986
13.469,0.051638,-0.050919,0.006982,0.004992
13.474,0.059032,-0.048017,0.033989,0.004894
13.477,0.073333,-0.042898,0.05928,0.004824
13.481,0.09007,-0.035802,0.082507,0.004844
13.486,0.10693,-0.027037,0.103338,0.004917
13.49,0.122756,-0.016983,0.121465,0.005165
13.493,0.136862,-0.006028,0.136622,0.005404
13.496,0.148752,0.005422,0.148554,0.005437
13.501,0.158027,0.016937,0.157027,0.005323
13.505,0.16432,0.028076,0.16182,0.005222
13.509,0.167287,0.038411,0.162734,0.005234
13.512,0.166614,0.047546,0.159597,0.005337
13.516,0.162201,0.05515,0.152441,0.005432
13.52,0.154145,0.060978,0.141461,0.005582
13.524,0.142719,0.06483,0.127017,0.005702
13.527,0.128361,0.0666,0.109582,0.005717
13.532,0.111697,0.066247,0.089754,0.005638
13.535,0.09354,0.063817,0.068165,0.005541
13.539,0.074994,0.059437,0.045401,0.005486
13.543,0.057928,0.053303,0.022011,0.005471
13.547,0.046023,0.045674,-0.001497,0.005456
13.551,0.044668,0.036858,-0.024645,0.005414
13.556,0.054586,0.027224,-0.046991,0.00551
13.56,0.070518,0.017176,-0.068123,0.006092
13.563,0.088243,0.007123,-0.08766,0.007191
13.568,0.105536,-0.002553,-0.105225,0.007693
13.571,0.121324,-0.011518,-0.120497,0.008215
13.575,0.134874,-0.019465,-0.133191,0.008497
13.579,0.145617,-0.026116,-0.143021,0.008195
13.583,0.153184,-0.031284,-0.149742,0.007996
13.586,0.157219,-0.034824,-0.153098,0.008121
13.59,0.157403,-0.03662,-0.152863,0.008233
13.595,0.153637,-0.036625,-0.14898,0.008246
13.599,0.146045,-0.034829,-0.141589,0.008295
13.603,0.134907,-0.03125,-0.130983,0.008166
13.606,0.120697,-0.02599,-0.117595,0.007983
13.612,0.104055,-0.019236,-0.101944,0.008051
13.615,0.085712,-0.011286,-0.084555,0.008349
13.618,0.066587,-0.002517,-0.065977,0.008633
13.623,0.048092,0.006663,-0.046762,0.00904
13.627,0.033155,0.015844,-0.027412,0.00984
13.63,0.027988,0.024645,-0.008386,0.010277
13.635,0.035886,0.032738,0.009877,0.010885
13.638,0.049354,0.039832,0.026959,0.011065
13.643,0.063229,0.045664,0.04247,0.010438
13.646,0.075753,0.05005,0.056055,0.009551
13.65,0.086121,0.052852,0.067392,0.009039
13.654,0.093796,0.053946,0.076201,0.008989
13.659,0.098377,0.053284,0.0822,0.009059
13.663,0.09963,0.050888,0.085186,0.008937
13.668,0.097515,0.046867,0.085082,0.008589
13.672,0.092164,0.041391,0.081938,0.008194
13.676,0.083858,0.03468,0.07593,0.008004
13.681,0.073021,0.026988,0.067348,0.00824
13.686,0.060112,0.018578,0.056561,0.008315
13.691,0.0458,0.009725,0.04405,0.007919
13.695,0.031324,0.000733,0.030371,0.007634
13.7,0.01974,-0.008078,0.016108,0.008058
13.704,0.018609,-0.016418,0.001791,0.008576
13.707,0.028452,-0.024006,-0.012156,0.009243
13.712,0.040954,-0.030583,-0.025326,0.010023
13.716,0.052752,-0.035891,-0.037312,0.010123
13.72,0.062821,-0.039726,-0.047745,0.00942
13.724,0.070783,-0.041988,-0.056269,0.009002
13.727,0.076227,-0.042617,-0.06255,0.009048
13.731,0.078883,-0.041544,-0.066432,0.009132
13.736,0.07864,-0.038797,-0.067817,0.008938
13.74,0.075582,-0.034487,-0.06671,0.008547
13.744,0.069965,-0.028783,-0.063229,0.008294
13.748,0.06217,-0.021898,-0.057578,0.008391
13.753,0.05272,-0.014076,-0.050036,0.008808
13.756,0.04227,-0.005591,-0.040942,0.0089
13.76,0.032062,0.003277,-0.030722,0.008568
13.763,0.024685,0.012233,-0.019844,0.008119
13.766,0.024014,0.020954,-0.008766,0.007795
13.77,0.03018,0.02911,0.002069,0.00769
13.774,0.03912,0.036401,0.01224,0.007453
13.777,0.048216,0.042593,0.021386,0.0073
13.783,0.056206,0.047473,0.029205,0.007248
13.787,0.06243,0.050877,0.035436,0.007298
13.793,0.066487,0.052678,0.039885,0.007394
13.798,0.068157,0.052844,0.042396,0.00745
13.801,0.067359,0.051383,0.042916,0.007432
13.805,0.064125,0.048342,0.041488,0.007333
13.809,0.058598,0.043832,0.038231,0.007136
13.813,0.051023,0.038025,0.033325,0.006852
13.817,0.041737,0.031146,0.027008,0.006513
13.82,0.031162,0.023462,0.019565,0.006148
13.823,0.019859,0.015266,0.011312,0.005775
13.827,0.009121,0.006871,0.002589,0.005412
13.831,0.008176,-0.001408,-0.006255,0.005074
13.835,0.018161,-0.009262,-0.014875,0.004773
13.839,0.028558,-0.016401,-0.022939,0.004517
13.843,0.037934,-0.0226,-0.030148,0.004397
13.846,0.045847,-0.027659,-0.036262,0.004688
13.851,0.051929,-0.031393,-0.041068,0.004948
13.854,0.055927,-0.033645,-0.044413,0.004828
13.858,0.057757,-0.034348,-0.046197,0.004685
13.864,0.057402,-0.033484,-0.046389,0.004674
13.868,0.0549,-0.031107,-0.044998,0.004645
13.872,0.050396,-0.027328,-0.042096,0.004566
13.879,0.044141,-0.022309,-0.037822,0.004494
13.884,0.036487,-0.016252,-0.032368,0.004412
13.889,0.027946,-0.009398,-0.025967,0.004288
13.893,0.019437,-0.002014,-0.018886,0.004132
13.896,0.013321,0.005614,-0.011413,0.003958
13.901,0.014253,0.013197,-0.003846,0.00377
13.906,0.021053,0.020447,0.00352,0.003569
13.912,0.029217,0.027094,0.010403,0.003365
13.917,0.037021,0.032922,0.016554,0.003556
13.922,0.043749,0.03772,0.021795,0.00402
13.927,0.048996,0.041299,0.025968,0.004544
13.932,0.052529,0.043539,0.028931,0.005168
13.936,0.054115,0.044353,0.030566,0.0052
13.94,0.05372,0.043736,0.030825,0.004775
13.944,0.051444,0.041746,0.02973,0.004457
13.948,0.047397,0.038479,0.027344,0.004263
13.952,0.041743,0.034076,0.023773,0.004015
13.956,0.034738,0.028726,0.019174,0.003737
13.963,0.026719,0.022644,0.013745,0.003493
13.967,0.018126,0.016074,0.007712,0.003271
13.971,0.009846,0.009269,0.001319,0.003048
13.977,0.006404,0.002493,-0.005176,0.002829
13.982,0.012473,-0.004,-0.011518,0.002626
13.985,0.02025,-0.009965,-0.017459,0.002438
13.99,0.027529,-0.015214,-0.022778,0.002752
13.994,0.033736,-0.019564,-0.027309,0.003091
13.999,0.038608,-0.022869,-0.0309,0.003579
14.003,0.041965,-0.025013,-0.033429,0.004236
14.007,0.043603,-0.025892,-0.034819,0.004302
14.013,0.043505,-0.025498,-0.035026,0.003965
14.017,0.041777,-0.023872,-0.034075,0.003787
14.021,0.038523,-0.021095,-0.032019,0.003719
14.025,0.033906,-0.017298,-0.028941,0.003582
14.03,0.028203,-0.012649,-0.024973,0.003432
14.034,0.021825,-0.007341,-0.020283,0.003323
14.037,0.015488,-0.001589,-0.015067,0.003218
14.042,0.010939,0.004379,-0.009535,0.003093
14.046,0.011436,0.010331,-0.00391,0.00296
14.05,0.01636,0.016037,0.001583,0.002825
14.053,0.022496,0.021284,0.006727,0.002789
14.059,0.028407,0.025893,0.011336,0.002828
14.063,0.033568,0.029713,0.015269,0.003283
14.066,0.037622,0.032591,0.018411,0.003772
14.071,0.040361,0.034423,0.020657,0.004165
14.075,0.041623,0.035142,0.021922,0.004116
14.079,0.041389,0.03475,0.022163,0.00378
14.083,0.039723,0.03329,0.021388,0.003506
14.087,0.036708,0.030835,0.01964,0.003309
14.091,0.032473,0.027495,0.017001,0.003086
14.095,0.02722,0.023414,0.013586,0.002851
14.099,0.021213,0.018759,0.009544,0.002641
14.103,0.014821,0.013718,0.005045,0.00245
14.107,0.00879,0.00849,0.000273,0.002263
14.112,0.006002,0.003276,-0.004577,0.002082
14.115,0.00966,-0.001723,-0.009311,0.001913
14.12,0.01524,-0.006324,-0.013734,0.00191
14.124,0.02058,-0.010367,-0.017688,0.00178
14.128,0.025206,-0.013743,-0.02103,0.002043
14.132,0.028826,-0.016347,-0.023632,0.002287
14.136,0.031257,-0.018081,-0.025407,0.002127
14.14,0.032436,-0.018886,-0.026304,0.001883
14.145,0.032351,-0.018745,-0.026307,0.001767
14.149,0.031017,-0.017678,-0.025431,0.001671
14.154,0.02851,-0.015742,-0.023721,0.001539
14.157,0.02497,-0.013023,-0.021258,0.001412
14.163,0.020596,-0.009642,-0.018152,0.001312
14.168,0.015675,-0.005738,-0.014536,0.001222
14.174,0.010721,-0.001472,-0.010559,0.001132
14.18,0.007127,0.002985,-0.006386,0.00105
14.185,0.007831,0.007457,-0.002185,0.000976
14.188,0.011951,0.011768,0.001876,0.000907
14.194,0.016748,0.01575,0.005636,0.000819
14.198,0.021254,0.019264,0.008961,0.000587
14.202,0.025121,0.022203,0.011744,0.000414
14.206,0.028145,0.024474,0.013894,0.000395
14.211,0.030188,0.025999,0.015336,0.000382
14.214,0.031164,0.02673,0.01602,0.00033
14.218,0.03105,0.026651,0.01593,0.000281
14.221,0.029868,0.02578,0.015081,0.000246
14.226,0.027689,0.024165,0.013517,0.000207
14.23,0.02463,0.021879,0.011308,0.000162
14.233,0.020859,0.019025,0.008552,0.000118
14.237,0.016613,0.015723,0.005363,7.6e-05
14.241,0.012254,0.012109,0.001876,3.4e-05
14.245,0.008517,0.008331,-0.001769,-7e-06
14.249,0.007074,0.00454,-0.005424,-4.6e-05
14.252,0.008987,0.000886,-0.008943,-8.3e-05
14.256,0.012439,-0.002488,-0.012187,-0.00012
14.262,0.016008,-0.005468,-0.015042,-0.000301
14.265,0.019159,-0.007963,-0.01742,-0.000434
14.269,0.021645,-0.009896,-0.019246,-0.00042
14.273,0.023324,-0.011201,-0.020455,-0.000406
14.278,0.024113,-0.011835,-0.021004,-0.000442
14.282,0.023986,-0.011787,-0.020884,-0.000468
14.285,0.022962,-0.011071,-0.020111,-0.000469
14.289,0.021104,-0.009726,-0.018723,-0.000472
14.293,0.01852,-0.007817,-0.016783,-0.000484
14.297,0.015375,-0.00543,-0.014376,-0.000493
14.301,0.011917,-0.002667,-0.011604,-0.000498
14.305,0.008605,0.000355,-0.008583,-0.000503
14.31,0.00649,0.003511,-0.005434,-0.000509
14.314,0.00707,0.00667,-0.002284,-0.000521
14.319,0.009748,0.009705,0.00074,-0.000538
14.322,0.012991,0.012494,0.00352,-0.000536
14.326,0.016102,0.014943,0.005962,-0.000653
14.331,0.018779,0.016977,0.007993,-0.000747
14.335,0.020863,0.018534,0.009552,-0.000722
14.34,0.022249,0.019559,0.010583,-0.000694
14.343,0.022878,0.020018,0.011054,-0.000708
14.347,0.022732,0.019903,0.010958,-0.00072
14.351,0.02183,0.01923,0.010308,-0.000712
14.357,0.020229,0.018034,0.009138,-0.000701
14.361,0.018022,0.016371,0.007504,-0.000694
14.365,0.015342,0.014314,0.00548,-0.000689
14.369,0.012379,0.011952,0.003152,-0.000682
14.373,0.009429,0.009384,0.00062,-0.000676
14.376,0.007043,0.006716,-0.002011,-0.000678
14.38,0.006195,0.004056,-0.004632,-0.000684
14.384,0.007327,0.001512,-0.007136,-0.000688
14.388,0.009472,-0.000818,-0.009425,-0.000475
14.393,0.011779,-0.002854,-0.011421,-0.000392
14.396,0.013829,-0.004532,-0.013057,-0.000478
14.401,0.015428,-0.005802,-0.014286,-0.000504
14.404,0.016466,-0.006624,-0.015067,-0.000485
14.408,0.016889,-0.006971,-0.015375,-0.000496
14.411,0.016683,-0.006841,-0.015207,-0.000522
14.416,0.015873,-0.00625,-0.014581,-0.000535
14.419,0.014513,-0.005231,-0.013527,-0.000543
14.422,0.012701,-0.003832,-0.012096,-0.000556
14.426,0.010582,-0.002118,-0.010352,-0.000569
14.43,0.008392,-0.000165,-0.008371,-0.000579
14.434,0.006558,0.001944,-0.006235,-0.00059
14.437,0.005798,0.004119,-0.004036,-0.0006
14.441,0.006569,0.00627,-0.001862,-0.000609
14.445,0.008332,0.008307,0.000197,-0.000617
14.448,0.010364,0.010155,0.002065,-0.000165
14.451,0.012299,0.011737,0.003668,0.000233
14.454,0.013889,0.012982,0.004932,0.000204
14.46,0.015046,0.013866,0.005838,9.7e-05
14.464,0.015708,0.014363,0.006358,7.9e-05
14.468,0.015844,0.01446,0.006478,6e-05
14.472,0.015466,0.014166,0.006208,4e-06
14.476,0.014608,0.013504,0.005571,-4.8e-05
14.48,0.013329,0.01251,0.004601,-8.6e-05
14.484,0.01172,0.011231,0.003348,-0.000123
14.489,0.009907,0.009728,0.001868,-0.000162
14.493,0.008071,0.008066,0.00023,-0.000198
14.497,0.006496,0.006317,-0.001495,-0.000231
14.502,0.005593,0.004556,-0.003234,-0.000262
14.505,0.00569,0.002855,-0.004913,-0.000291
14.51,0.00659,0.001283,-0.006464,-2.4e-05
14.514,0.007837,-0.000108,-0.007835,-9.7e-05
14.517,0.009073,-0.001277,-0.008982,8.9e-05
14.522,0.010117,-0.002188,-0.00987,0.000383
14.526,0.010849,-0.002816,-0.010472,0.000337
14.529,0.01122,-0.003141,-0.010769,0.000195
14.533,0.011214,-0.003157,-0.010759,0.00015
14.537,0.010837,-0.002872,-0.010449,0.000134
14.543,0.010122,-0.002304,-0.009856,7.8e-05
14.547,0.009132,-0.001482,-0.009011,1.6e-05
14.553,0.007964,-0.000444,-0.007952,-2.9e-05
14.556,0.006769,0.000763,-0.006726,-6.7e-05
14.561,0.005776,0.002086,-0.005385,-0.000109
14.566,0.005287,0.003468,-0.003987,-0.000149
14.568,0.005502,0.004851,-0.00259,-0.000185
14.574,0.006304,0.006177,-0.00125,-0.00015
14.577,0.007397,0.007397,-1.8e-05,2.2e-05
14.582,0.008539,0.008471,0.001067,-0.000117
14.585,0.009575,0.009368,0.001976,0.000145
14.589,0.010436,0.010065,0.002685,0.000621
14.593,0.011038,0.010549,0.003182,0.000649
14.597,0.011351,0.010803,0.003453,0.000461
14.601,0.011381,0.010825,0.003493,0.000389
14.605,0.011131,0.010621,0.003308,0.000375
14.608,0.010615,0.010203,0.002911,0.000311
14.613,0.009873,0.009593,0.002323,0.000229
14.617,0.00896,0.00882,0.00157,0.00017
14.624,0.007949,0.007918,0.000689,0.000122
14.631,0.006932,0.006926,-0.000282,6.9e-05
14.639,0.006028,0.005886,-0.001302,1.7e-05
14.645,0.005372,0.004841,-0.002328,-2.9e-05
14.65,0.005072,0.003833,-0.003318,0.000144
14.654,0.005135,0.002894,-0.00424,0.000128
14.657,0.005464,0.002055,-0.005062,-8.5e-05
14.661,0.005917,0.001336,-0.005763,-0.000113
14.665,0.006391,0.000744,-0.006338,0.000335
14.67,0.006842,0.000286,-0.006779,0.000881
14.674,0.007169,-3.5e-05,-0.007082,0.00111
14.68,0.007313,-0.000209,-0.007239,0.001018
14.687,0.007302,-0.000236,-0.007245,0.000877
14.695,0.007152,-0.000116,-0.007105,0.000805
14.703,0.006867,0.000144,-0.006826,0.000732
14.71,0.006473,0.00053,-0.00642,0.000635
14.715,0.006019,0.001026,-0.005906,0.000545
14.719,0.005563,0.00161,-0.005304,0.00047
14.723,0.005176,0.002257,-0.004641,0.000398
14.728,0.004932,0.002939,-0.003943,0.000378
14.732,0.004897,0.003628,-0.003239,0.000569
14.736,0.005071,0.004306,-0.002547,0.000827
14.739,0.005375,0.004963,-0.001878,0.000856
14.743,0.005805,0.005556,-0.001273,0.001101
14.748,0.006182,0.006047,-0.00077,0.001034
14.752,0.006539,0.006431,-0.000372,0.001128
14.756,0.006898,0.006707,-8.1e-05,0.001612
14.76,0.007174,0.006882,0.000108,0.002023
14.764,0.0073,0.00696,0.000202,0.002192
14.767,0.007298,0.006943,0.000202,0.002237
14.771,0.007205,0.006836,0.000112,0.002274
14.776,0.007047,0.006649,-5.8e-05,0.002331
14.779,0.006845,0.006396,-0.000295,0.00242
14.782,0.006638,0.006091,-0.000585,0.002572
14.786,0.006473,0.005752,-0.000909,0.002826
14.79,0.006402,0.005395,-0.001252,0.003212
14.794,0.006166,0.005031,-0.001603,0.003184
14.799,0.006062,0.00467,-0.001949,0.003338
14.805,0.005854,0.004308,-0.002294,0.003231
14.808,0.005658,0.003976,-0.002607,0.003066
14.812,0.005463,0.003695,-0.002869,0.002822
14.816,0.005286,0.003464,-0.00308,0.002541
14.821,0.005178,0.003279,-0.003244,0.002352
14.825,0.005068,0.003141,-0.003363,0.002125
14.828,0.004988,0.003046,-0.003438,0.001945
14.833,0.004931,0.002993,-0.003473,0.001816
14.836,0.004866,0.002978,-0.003471,0.001664
14.841,0.004823,0.002996,-0.003436,0.001574
14.845,0.004766,0.003043,-0.003373,0.001442
14.849,0.004707,0.003112,-0.003289,0.001285
14.852,0.004654,0.003198,-0.00319,0.001125
14.858,0.004599,0.003294,-0.003079,0.000907
14.862,0.004557,0.003397,-0.002963,0.000672
14.867,0.004532,0.003502,-0.002845,0.000431
14.87,0.004525,0.003606,-0.002727,0.000169
14.876,0.004537,0.003707,-0.002613,-8.9e-05
14.883,0.004566,0.003803,-0.002504,-0.000339
14.889,0.00461,0.003891,-0.002402,-0.000585
14.894,0.004666,0.003971,-0.002308,-0.000819
14.897,0.004729,0.004042,-0.002223,-0.00104
14.902,0.004796,0.004102,-0.002148,-0.00125
14.908,0.004865,0.004152,-0.002083,-0.001445
14.914,0.004932,0.004191,-0.002029,-0.001628
14.92,0.004997,0.00422,-0.001984,-0.001798
14.924,0.005059,0.004239,-0.001948,-0.001957
14.927,0.005115,0.004248,-0.001922,-0.002104
14.933,0.005168,0.004249,-0.001903,-0.002243
14.936,0.005216,0.004242,-0.001892,-0.002373
14.94,0.00526,0.004229,-0.001887,-0.002495
14.944,0.005301,0.00421,-0.001888,-0.002611
14.949,0.005339,0.004186,-0.001893,-0.00272
14.952,0.005375,0.004159,-0.001902,-0.002823
14.958,0.005408,0.00413,-0.001913,-0.002922
14.961,0.00544,0.004098,-0.001926,-0.003015
14.966,0.00547,0.004066,-0.001939,-0.003103
14.971,0.005499,0.004034,-0.001953,-0.003187
14.976,0.005527,0.004002,-0.001967,-0.003266
14.982,0.005554,0.003971,-0.001979,-0.003341
14.989,0.00558,0.003942,-0.001991,-0.003411
14.994,0.005604,0.003914,-0.002,-0.003477
14.999,0.005628,0.003889,-0.002008,-0.003538
15.003,0.00565,0.003865,-0.002015,-0.003596
15.007,0.005672,0.003844,-0.002019,-0.00365
15.013,0.005692,0.003824,-0.002021,-0.0037
15.019,0.005711,0.003807,-0.002022,-0.003747
15.023,0.00573,0.003792,-0.00202,-0.003791
15.028,0.005747,0.003778,-0.002018,-0.003831
15.032,0.005763,0.003766,-0.002014,-0.003869
15.036,0.005778,0.003755,-0.002009,-0.003905
15.041,0.005791,0.003745,-0.002003,-0.003938
15.045,0.005804,0.003736,-0.001996,-0.003968
15.05,0.005816,0.003728,-0.001989,-0.003997
15.054,0.005826,0.00372,-0.001981,-0.004023
15.059,0.005835,0.003712,-0.001974,-0.004047
15.063,0.005844,0.003704,-0.001966,-0.00407
15.068,0.005851,0.003696,-0.001959,-0.004091
15.071,0.005857,0.003688,-0.001952,-0.00411
15.078,0.005862,0.003679,-0.001945,-0.004128
15.084,0.005865,0.003671,-0.001938,-0.004144
15.089,0.005868,0.003661,-0.001933,-0.004159
15.093,0.00587,0.003652,-0.001927,-0.004172
15.096,0.005871,0.003642,-0.001922,-0.004184
15.101,0.005871,0.003631,-0.001918,-0.004196
15.106,0.00587,0.00362,-0.001914,-0.004206
15.11,0.005868,0.003609,-0.00191,-0.004215
15.114,0.005866,0.003597,-0.001906,-0.004223
15.118,0.005863,0.003586,-0.001903,-0.00423
15.122,0.005859,0.003574,-0.0019,-0.004236
15.126,0.005855,0.003562,-0.001898,-0.004242
15.132,0.00585,0.00355,-0.001895,-0.004247
15.136,0.005845,0.003538,-0.001892,-0.004251
15.14,0.00584,0.003526,-0.001889,-0.004254
15.145,0.005834,0.003514,-0.001887,-0.004257
15.149,0.005827,0.003503,-0.001884,-0.00426
15.154,0.005821,0.003491,-0.001881,-0.004261
15.159,0.005814,0.00348,-0.001877,-0.004262
15.163,0.005807,0.003469,-0.001874,-0.004263
15.166,0.005799,0.003458,-0.00187,-0.004263
15.173,0.005792,0.003448,-0.001866,-0.004263
15.179,0.005784,0.003438,-0.001862,-0.004263
15.184,0.005776,0.003428,-0.001858,-0.004262
15.187,0.005768,0.003418,-0.001853,-0.00426
15.192,0.00576,0.003409,-0.001849,-0.004259
15.195,0.005751,0.0034,-0.001844,-0.004257
15.2,0.005743,0.003391,-0.001839,-0.004254
15.203,0.005734,0.003382,-0.001834,-0.004252
15.208,0.005725,0.003373,-0.001829,-0.004249
15.212,0.005716,0.003365,-0.001823,-0.004246
15.216,0.005707,0.003356,-0.001818,-0.004242
15.22,0.005697,0.003348,-0.001812,-0.004239
15.224,0.005688,0.00334,-0.001807,-0.004235
15.23,0.005679,0.003332,-0.001801,-0.004231
15.234,0.005669,0.003323,-0.001796,-0.004227
15.239,0.005659,0.003315,-0.00179,-0.004222
15.244,0.005649,0.003307,-0.001785,-0.004218
15.247,0.005639,0.003299,-0.001779,-0.004213
15.253,0.005629,0.003291,-0.001774,-0.004209
15.257,0.005619,0.003283,-0.001768,-0.004204
15.26,0.005609,0.003275,-0.001763,-0.004199
15.264,0.005599,0.003267,-0.001758,-0.004193
15.268,0.005589,0.003259,-0.001752,-0.004188
15.272,0.005578,0.003251,-0.001747,-0.004183
15.276,0.005568,0.003243,-0.001742,-0.004177
15.282,0.005557,0.003235,-0.001736,-0.004172
15.286,0.005547,0.003227,-0.001731,-0.004166
15.291,0.005536,0.003219,-0.001726,-0.00416
15.297,0.005526,0.003211,-0.00172,-0.004155
15.301,0.005515,0.003203,-0.001715,-0.004149
15.305,0.005504,0.003195,-0.00171,-0.004143
15.311,0.005494,0.003188,-0.001705,-0.004137
15.315,0.005483,0.00318,-0.001699,-0.004131
15.318,0.005472,0.003172,-0.001694,-0.004125
15.323,0.005461,0.003164,-0.001689,-0.004119
15.327,0.005451,0.003157,-0.001683,-0.004112
15.332,0.00544,0.003149,-0.001678,-0.004106
15.337,0.005429,0.003141,-0.001673,-0.0041
15.34,0.005418,0.003134,-0.001667,-0.004094
15.346,0.005408,0.003126,-0.001662,-0.004087
15.35,0.005397,0.003119,-0.001657,-0.004081
15.355,0.005386,0.003111,-0.001651,-0.004075
15.358,0.005375,0.003104,-0.001646,-0.004068
15.364,0.005364,0.003097,-0.00164,-0.004062
15.368,0.005354,0.003089,-0.001635,-0.004055
15.371,0.005343,0.003082,-0.00163,-0.004049
15.375,0.005332,0.003075,-0.001624,-0.004042
15.379,0.005321,0.003067,-0.001619,-0.004036
15.385,0.005311,0.00306,-0.001613,-0.004029
15.391,0.0053,0.003053,-0.001608,-0.004023
15.395,0.005289,0.003046,-0.001603,-0.004016
15.399,0.005278,0.003039,-0.001597,-0.00401
15.402,0.005268,0.003032,-0.001592,-0.004003
15.407,0.005257,0.003024,-0.001586,-0.003997
15.411,0.005246,0.003017,-0.001581,-0.00399
15.415,0.005236,0.00301,-0.001576,-0.003983
15.418,0.005225,0.003003,-0.00157,-0.003977
15.423,0.005214,0.002996,-0.001565,-0.00397
15.427,0.005204,0.002989,-0.00156,-0.003964
15.43,0.005193,0.002982,-0.001554,-0.003957
15.434,0.005182,0.002975,-0.001549,-0.00395
15.439,0.005172,0.002968,-0.001544,-0.003944
15.443,0.005161,0.002961,-0.001539,-0.003937
15.448,0.005151,0.002954,-0.001533,-0.003931
15.452,0.00514,0.002947,-0.001528,-0.003924
15.456,0.005129,0.00294,-0.001523,-0.003918
15.46,0.005119,0.002933,-0.001518,-0.003911
15.464,0.005108,0.002926,-0.001512,-0.003904
15.469,0.005098,0.00292,-0.001507,-0.003898
15.474,0.005087,0.002913,-0.001502,-0.003891
15.478,0.005077,0.002906,-0.001497,-0.003885
15.482,0.005066,0.002899,-0.001492,-0.003878
15.486,0.005056,0.002892,-0.001486,-0.003872
15.492,0.005046,0.002885,-0.001481,-0.003865
15.496,0.005035,0.002879,-0.001476,-0.003858
15.501,0.005025,0.002872,-0.001471,-0.003852
15.505,0.005014,0.002865,-0.001466,-0.003845
15.51,0.005004,0.002858,-0.001461,-0.003839
15.513,0.004994,0.002852,-0.001455,-0.003832
15.516,0.004983,0.002845,-0.00145,-0.003826
15.521,0.004973,0.002838,-0.001445,-0.003819
15.524,0.004963,0.002832,-0.00144,-0.003813
15.528,0.004953,0.002825,-0.001435,-0.003806
15.531,0.004942,0.002818,-0.00143,-0.0038
15.536,0.004932,0.002812,-0.001425,-0.003793
15.54,0.004922,0.002805,-0.00142,-0.003787
15.544,0.004912,0.002798,-0.001415,-0.00378
15.548,0.004901,0.002792,-0.00141,-0.003774
15.552,0.004891,0.002785,-0.001405,-0.003768
15.556,0.004881,0.002779,-0.0014,-0.003761
15.559,0.004871,0.002772,-0.001395,-0.003755
15.562,0.004861,0.002766,-0.00139,-0.003748
15.566,0.004851,0.002759,-0.001385,-0.003742
15.571,0.004841,0.002753,-0.00138,-0.003735
15.575,0.004831,0.002746,-0.001375,-0.003729
15.579,0.004821,0.00274,-0.00137,-0.003723
15.583,0.004811,0.002733,-0.001365,-0.003716
15.587,0.004801,0.002727,-0.00136,-0.00371
15.591,0.004791,0.00272,-0.001355,-0.003704
15.596,0.004781,0.002714,-0.00135,-0.003697
15.599,0.004771,0.002707,-0.001345,-0.003691
15.603,0.004761,0.002701,-0.00134,-0.003685
15.606,0.004751,0.002695,-0.001336,-0.003678
15.611,0.004741,0.002688,-0.001331,-0.003672
15.615,0.004732,0.002682,-0.001326,-0.003666
15.62,0.004722,0.002676,-0.001321,-0.003659
15.624,0.004712,0.002669,-0.001316,-0.003653
15.629,0.004702,0.002663,-0.001311,-0.003647
15.633,0.004692,0.002657,-0.001307,-0.003641
15.637,0.004683,0.00265,-0.001302,-0.003634
15.642,0.004673,0.002644,-0.001297,-0.003628
15.646,0.004663,0.002638,-0.001292,-0.003622
15.65,0.004654,0.002632,-0.001287,-0.003616
15.654,0.004644,0.002625,-0.001283,-0.00361
15.658,0.004634,0.002619,-0.001278,-0.003603
15.661,0.004625,0.002613,-0.001273,-0.003597
15.665,0.004615,0.002607,-0.001268,-0.003591
15.669,0.004606,0.0026,-0.001264,-0.003585
15.673,0.004596,0.002594,-0.001259,-0.003579
15.676,0.004586,0.002588,-0.001254,-0.003573
15.679,0.004577,0.002582,-0.00125,-0.003566
15.683,0.004567,0.002576,-0.001245,-0.00356
15.687,0.004558,0.00257,-0.00124,-0.003554
15.69,0.004548,0.002564,-0.001236,-0.003548
15.696,0.004539,0.002558,-0.001231,-0.003542
15.702,0.00453,0.002551,-0.001226,-0.003536
15.706,0.00452,0.002545,-0.001222,-0.00353
15.711,0.004511,0.002539,-0.001217,-0.003524
15.714,0.004501,0.002533,-0.001213,-0.003518
15.718,0.004492,0.002527,-0.001208,-0.003512
15.721,0.004483,0.002521,-0.001203,-0.003506
15.726,0.004473,0.002515,-0.001199,-0.0035
15.73,0.004464,0.002509,-0.001194,-0.003494
15.734,0.004455,0.002503,-0.00119,-0.003488
15.738,0.004446,0.002497,-0.001185,-0.003482
15.743,0.004436,0.002491,-0.001181,-0.003476
15.746,0.004427,0.002485,-0.001176,-0.00347
15.751,0.004418,0.002479,-0.001172,-0.003464
15.756,0.004409,0.002473,-0.001167,-0.003458
15.761,0.0044,0.002467,-0.001163,-0.003452
15.765,0.00439,0.002462,-0.001158,-0.003446
15.77,0.004381,0.002456,-0.001154,-0.00344
15.774,0.004372,0.00245,-0.001149,-0.003434
15.779,0.004363,0.002444,-0.001145,-0.003428
15.782,0.004354,0.002438,-0.00114,-0.003422
15.786,0.004345,0.002432,-0.001136,-0.003417
15.79,0.004336,0.002426,-0.001132,-0.003411
15.794,0.004327,0.00242,-0.001127,-0.003405
15.798,0.004318,0.002415,-0.001123,-0.003399
15.802,0.004309,0.002409,-0.001118,-0.003393
15.806,0.0043,0.002403,-0.001114,-0.003387
15.81,0.004291,0.002397,-0.00111,-0.003381
15.813,0.004282,0.002392,-0.001105,-0.003376
15.817,0.004273,0.002386,-0.001101,-0.00337
15.821,0.004264,0.00238,-0.001097,-0.003364
15.825,0.004255,0.002374,-0.001092,-0.003358
15.829,0.004247,0.002369,-0.001088,-0.003353
15.832,0.004238,0.002363,-0.001084,-0.003347
15.836,0.004229,0.002357,-0.001079,-0.003341
15.84,0.00422,0.002351,-0.001075,-0.003335
15.843,0.004211,0.002346,-0.001071,-0.00333
15.846,0.004203,0.00234,-0.001066,-0.003324
15.85,0.004194,0.002334,-0.001062,-0.003318
15.854,0.004185,0.002329,-0.001058,-0.003312
15.858,0.004176,0.002323,-0.001054,-0.003307
15.861,0.004168,0.002318,-0.00105,-0.003301
15.865,0.004159,0.002312,-0.001045,-0.003295
15.869,0.00415,0.002306,-0.001041,-0.00329
15.873,0.004142,0.002301,-0.001037,-0.003284
15.876,0.004133,0.002295,-0.001033,-0.003278
15.88,0.004125,0.00229,-0.001029,-0.003273
15.884,0.004116,0.002284,-0.001024,-0.003267
15.888,0.004107,0.002279,-0.00102,-0.003262
15.892,0.004099,0.002273,-0.001016,-0.003256
15.894,0.00409,0.002267,-0.001012,-0.00325
15.899,0.004082,0.002262,-0.001008,-0.003245
15.904,0.004073,0.002256,-0.001004,-0.003239
15.908,0.004065,0.002251,-0.001,-0.003234
15.913,0.004056,0.002246,-0.000995,-0.003228
15.917,0.004048,0.00224,-0.000991,-0.003223
15.923,0.00404,0.002235,-0.000987,-0.003217
15.928,0.004031,0.002229,-0.000983,-0.003212
15.932,0.004023,0.002224,-0.000979,-0.003206
15.936,0.004014,0.002218,-0.000975,-0.003201
15.94,0.004006,0.002213,-0.000971,-0.003195
15.946,0.003998,0.002207,-0.000967,-0.00319
15.95,0.003989,0.002202,-0.000963,-0.003184
15.955,0.003981,0.002197,-0.000959,-0.003179
15.959,0.003973,0.002191,-0.000955,-0.003173
15.963,0.003964,0.002186,-0.000951,-0.003168
15.968,0.003956,0.002181,-0.000947,-0.003162
15.974,0.003948,0.002175,-0.000943,-0.003157
15.978,0.00394,0.00217,-0.000939,-0.003151
15.982,0.003932,0.002165,-0.000935,-0.003146
15.987,0.003923,0.002159,-0.000931,-0.003141
15.992,0.003915,0.002154,-0.000927,-0.003135
15.996,0.003907,0.002149,-0.000923,-0.00313
16.0,0.003899,0.002144,-0.000919,-0.003124
16.004,0.003891,0.002138,-0.000915,-0.003119
16.011,0.003883,0.002133,-0.000911,-0.003114
16.014,0.003875,0.002128,-0.000907,-0.003108
16.019,0.003867,0.002123,-0.000904,-0.003103
16.023,0.003859,0.002117,-0.0009,-0.003098
16.027,0.003851,0.002112,-0.000896,-0.003092
16.031,0.003843,0.002107,-0.000892,-0.003087
16.036,0.003835,0.002102,-0.000888,-0.003082
16.045,0.003827,0.002097,-0.000884,-0.003076
16.051,0.003819,0.002091,-0.00088,-0.003071
16.056,0.003811,0.002086,-0.000877,-0.003066
16.061,0.003803,0.002081,-0.000873,-0.003061
16.065,0.003795,0.002076,-0.000869,-0.003055
16.07,0.003787,0.002071,-0.000865,-0.00305
16.074,0.003779,0.002066,-0.000861,-0.003045
16.08,0.003771,0.002061,-0.000858,-0.00304
16.084,0.003763,0.002056,-0.000854,-0.003034
16.089,0.003755,0.00205,-0.00085,-0.003029
16.093,0.003748,0.002045,-0.000846,-0.003024
16.098,0.00374,0.00204,-0.000843,-0.003019
16.102,0.003732,0.002035,-0.000839,-0.003014
16.105,0.003724,0.00203,-0.000835,-0.003009
16.111,0.003717,0.002025,-0.000831,-0.003003
16.118,0.003709,0.00202,-0.000828,-0.002998
16.121,0.003701,0.002015,-0.000824,-0.002993
16.126,0.003693,0.00201,-0.00082,-0.002988
16.129,0.003686,0.002005,-0.000817,-0.002983
16.133,0.003678,0.002,-0.000813,-0.002978
16.136,0.00367,0.001995,-0.000809,-0.002973
16.14,0.003663,0.00199,-0.000806,-0.002967
16.144,0.003655,0.001985,-0.000802,-0.002962
16.147,0.003648,0.00198,-0.000798,-0.002957
16.152,0.00364,0.001976,-0.000795,-0.002952
16.155,0.003632,0.001971,-0.000791,-0.002947
16.159,0.003625,0.001966,-0.000787,-0.002942
16.163,0.003617,0.001961,-0.000784,-0.002937
16.166,0.00361,0.001956,-0.00078,-0.002932
16.17,0.003602,0.001951,-0.000777,-0.002927
16.177,0.003595,0.001946,-0.000773,-0.002922
16.181,0.003587,0.001941,-0.000769,-0.002917
16.185,0.00358,0.001936,-0.000766,-0.002912
16.189,0.003572,0.001932,-0.000762,-0.002907
16.193,0.003565,0.001927,-0.000759,-0.002902
16.196,0.003558,0.001922,-0.000755,-0.002897
16.2,0.00355,0.001917,-0.000752,-0.002892
16.204,0.003543,0.001912,-0.000748,-0.002887
16.209,0.003535,0.001908,-0.000745,-0.002882
16.213,0.003528,0.001903,-0.000741,-0.002877
16.217,0.003521,0.001898,-0.000738,-0.002872
16.221,0.003513,0.001893,-0.000734,-0.002867
16.228,0.003506,0.001888,-0.000731,-0.002862
16.233,0.003499,0.001884,-0.000727,-0.002857
16.238,0.003491,0.001879,-0.000724,-0.002852
16.241,0.003484,0.001874,-0.00072,-0.002848
16.246,0.003477,0.00187,-0.000717,-0.002843
16.25,0.00347,0.001865,-0.000713,-0.002838
16.254,0.003463,0.00186,-0.00071,-0.002833
16.257,0.003455,0.001855,-0.000706,-0.002828
16.262,0.003448,0.001851,-0.000703,-0.002823
16.265,0.003441,0.001846,-0.0007,-0.002818
16.269,0.003434,0.001842,-0.000696,-0.002813
16.274,0.003427,0.001837,-0.000693,-0.002809
16.277,0.00342,0.001832,-0.000689,-0.002804
16.281,0.003412,0.001828,-0.000686,-0.002799
16.285,0.003405,0.001823,-0.000683,-0.002794
16.288,0.003398,0.001818,-0.000679,-0.002789
16.291,0.003391,0.001814,-0.000676,-0.002785
16.296,0.003384,0.001809,-0.000673,-0.00278
16.299,0.003377,0.001805,-0.000669,-0.002775
16.305,0.00337,0.0018,-0.000666,-0.00277
16.308,0.003363,0.001795,-0.000663,-0.002766
16.313,0.003356,0.001791,-0.000659,-0.002761
16.317,0.003349,0.001786,-0.000656,-0.002756
16.32,0.003342,0.001782,-0.000653,-0.002751
16.323,0.003335,0.001777,-0.000649,-0.002747
16.327,0.003328,0.001773,-0.000646,-0.002742
16.331,0.003321,0.001768,-0.000643,-0.002737
16.335,0.003315,0.001764,-0.000639,-0.002732
16.339,0.003308,0.001759,-0.000636,-0.002728
16.342,0.003301,0.001755,-0.000633,-0.002723
16.346,0.003294,0.00175,-0.00063,-0.002718
16.35,0.003287,0.001746,-0.000626,-0.002714
16.353,0.00328,0.001741,-0.000623,-0.002709
16.356,0.003273,0.001737,-0.00062,-0.002704
16.361,0.003267,0.001733,-0.000617,-0.0027
16.364,0.00326,0.001728,-0.000614,-0.002695
16.368,0.003253,0.001724,-0.00061,-0.002691
16.371,0.003246,0.001719,-0.000607,-0.002686
16.375,0.00324,0.001715,-0.000604,-0.002681
16.378,0.003233,0.001711,-0.000601,-0.002677
16.382,0.003226,0.001706,-0.000598,-0.002672
16.385,0.003219,0.001702,-0.000594,-0.002667
16.389,0.003213,0.001697,-0.000591,-0.002663
16.393,0.003206,0.001693,-0.000588,-0.002658
16.396,0.003199,0.001689,-0.000585,-0.002654
16.4,0.003193,0.001684,-0.000582,-0.002649
16.404,0.003186,0.00168,-0.000579,-0.002645
16.409,0.00318,0.001676,-0.000576,-0.00264
16.413,0.003173,0.001671,-0.000573,-0.002636
16.417,0.003166,0.001667,-0.000569,-0.002631
16.42,0.00316,0.001663,-0.000566,-0.002627
16.424,0.003153,0.001659,-0.000563,-0.002622
16.427,0.003147,0.001654,-0.00056,-0.002618
16.432,0.00314,0.00165,-0.000557,-0.002613
16.436,0.003134,0.001646,-0.000554,-0.002609
16.44,0.003127,0.001642,-0.000551,-0.002604
16.443,0.003121,0.001637,-0.000548,-0.0026
16.448,0.003114,0.001633,-0.000545,-0.002595
16.451,0.003108,0.001629,-0.000542,-0.002591
16.455,0.003101,0.001625,-0.000539,-0.002586
16.458,0.003095,0.00162,-0.000536,-0.002582
16.462,0.003089,0.001616,-0.000533,-0.002577
16.465,0.003082,0.001612,-0.00053,-0.002573
16.469,0.003076,0.001608,-0.000527,-0.002568
16.472,0.003069,0.001604,-0.000524,-0.002564
16.475,0.003063,0.0016,-0.000521,-0.00256
16.48,0.003057,0.001595,-0.000518,-0.002555
16.484,0.00305,0.001591,-0.000515,-0.002551
16.487,0.003044,0.001587,-0.000512,-0.002547
16.491,0.003038,0.001583,-0.000509,-0.002542
16.495,0.003031,0.001579,-0.000506,-0.002538
16.499,0.003025,0.001575,-0.000503,-0.002533
16.502,0.003019,0.001571,-0.0005,-0.002529
16.506,0.003013,0.001567,-0.000497,-0.002525
16.512,0.003006,0.001563,-0.000494,-0.00252
16.516,0.003,0.001558,-0.000491,-0.002516
16.521,0.002994,0.001554,-0.000488,-0.002512
16.524,0.002988,0.00155,-0.000486,-0.002507
16.529,0.002982,0.001546,-0.000483,-0.002503
16.532,0.002975,0.001542,-0.00048,-0.002499
16.536,0.002969,0.001538,-0.000477,-0.002495
16.54,0.002963,0.001534,-0.000474,-0.00249
16.543,0.002957,0.00153,-0.000471,-0.002486
16.549,0.002951,0.001526,-0.000468,-0.002482
16.551,0.002945,0.001522,-0.000465,-0.002477
16.555,0.002939,0.001518,-0.000463,-0.002473
16.56,0.002933,0.001514,-0.00046,-0.002469
16.564,0.002926,0.00151,-0.000457,-0.002465
16.567,0.00292,0.001506,-0.000454,-0.00246
16.572,0.002914,0.001502,-0.000451,-0.002456
16.576,0.002908,0.001498,-0.000449,-0.002452
16.58,0.002902,0.001494,-0.000446,-0.002448
16.583,0.002896,0.00149,-0.000443,-0.002444
16.587,0.00289,0.001487,-0.00044,-0.002439
16.591,0.002884,0.001483,-0.000437,-0.002435
16.595,0.002878,0.001479,-0.000435,-0.002431
16.598,0.002872,0.001475,-0.000432,-0.002427
16.602,0.002867,0.001471,-0.000429,-0.002423
16.606,0.002861,0.001467,-0.000426,-0.002419
16.61,0.002855,0.001463,-0.000424,-0.002414
16.614,0.002849,0.001459,-0.000421,-0.00241
16.618,0.002843,0.001455,-0.000418,-0.002406
16.621,0.002837,0.001452,-0.000415,-0.002402
16.624,0.002831,0.001448,-0.000413,-0.002398
16.629,0.002825,0.001444,-0.00041,-0.002394
16.633,0.00282,0.00144,-0.000407,-0.00239
16.637,0.002814,0.001436,-0.000404,-0.002386
16.641,0.002808,0.001432,-0.000402,-0.002381
16.645,0.002802,0.001429,-0.000399,-0.002377
16.65,0.002796,0.001425,-0.000396,-0.002373
16.654,0.002791,0.001421,-0.000394,-0.002369
16.659,0.002785,0.001417,-0.000391,-0.002365
16.663,0.002779,0.001413,-0.000388,-0.002361
16.666,0.002773,0.00141,-0.000386,-0.002357
16.671,0.002768,0.001406,-0.000383,-0.002353
16.675,0.002762,0.001402,-0.00038,-0.002349
16.679,0.002756,0.001398,-0.000378,-0.002345
16.683,0.002751,0.001395,-0.000375,-0.002341
16.687,0.002745,0.001391,-0.000373,-0.002337
16.69,0.002739,0.001387,-0.00037,-0.002333
16.694,0.002734,0.001384,-0.000367,-0.002329
16.697,0.002728,0.00138,-0.000365,-0.002325
16.702,0.002722,0.001376,-0.000362,-0.002321
16.706,0.002717,0.001372,-0.00036,-0.002317
16.711,0.002711,0.001369,-0.000357,-0.002313
16.715,0.002706,0.001365,-0.000354,-0.002309
16.72,0.0027,0.001361,-0.000352,-0.002305
16.724,0.002694,0.001358,-0.000349,-0.002301
16.729,0.002689,0.001354,-0.000347,-0.002297
16.734,0.002683,0.00135,-0.000344,-0.002293
16.738,0.002678,0.001347,-0.000342,-0.002289
16.741,0.002672,0.001343,-0.000339,-0.002285
16.745,0.002667,0.00134,-0.000337,-0.002281
16.749,0.002661,0.001336,-0.000334,-0.002277
16.753,0.002656,0.001332,-0.000332,-0.002273
16.756,0.00265,0.001329,-0.000329,-0.00227
16.76,0.002645,0.001325,-0.000327,-0.002266
16.763,0.00264,0.001322,-0.000324,-0.002262
16.767,0.002634,0.001318,-0.000322,-0.002258
16.77,0.002629,0.001314,-0.000319,-0.002254
16.774,0.002623,0.001311,-0.000317,-0.00225
16.778,0.002618,0.001307,-0.000314,-0.002246
16.78,0.002613,0.001304,-0.000312,-0.002242
16.785,0.002607,0.0013,-0.000309,-0.002239
16.788,0.002602,0.001297,-0.000307,-0.002235
16.792,0.002596,0.001293,-0.000304,-0.002231
16.796,0.002591,0.00129,-0.000302,-0.002227
16.799,0.002586,0.001286,-0.000299,-0.002223
16.804,0.00258,0.001283,-0.000297,-0.002219
16.808,0.002575,0.001279,-0.000294,-0.002216
16.813,0.00257,0.001276,-0.000292,-0.002212
16.817,0.002565,0.001272,-0.00029,-0.002208
16.82,0.002559,0.001269,-0.000287,-0.002204
16.824,0.002554,0.001265,-0.000285,-0.0022
16.828,0.002549,0.001262,-0.000282,-0.002197
16.831,0.002544,0.001258,-0.00028,-0.002193
16.835,0.002538,0.001255,-0.000278,-0.002189
16.839,0.002533,0.001251,-0.000275,-0.002185
16.842,0.002528,0.001248,-0.000273,-0.002182
16.846,0.002523,0.001245,-0.000271,-0.002178
16.851,0.002518,0.001241,-0.000268,-0.002174
16.855,0.002513,0.001238,-0.000266,-0.00217
16.859,0.002507,0.001234,-0.000263,-0.002167
16.865,0.002502,0.001231,-0.000261,-0.002163
16.869,0.002497,0.001228,-0.000259,-0.002159
16.874,0.002492,0.001224,-0.000256,-0.002155
16.877,0.002487,0.001221,-0.000254,-0.002152
16.882,0.002482,0.001218,-0.000252,-0.002148
16.886,0.002477,0.001214,-0.00025,-0.002144
16.889,0.002472,0.001211,-0.000247,-0.002141
16.894,0.002467,0.001207,-0.000245,-0.002137
16.898,0.002462,0.001204,-0.000243,-0.002133
16.901,0.002457,0.001201,-0.00024,-0.00213
16.905,0.002452,0.001197,-0.000238,-0.002126
16.911,0.002447,0.001194,-0.000236,-0.002122
16.914,0.002442,0.001191,-0.000233,-0.002119
16.918,0.002437,0.001188,-0.000231,-0.002115
16.922,0.002432,0.001184,-0.000229,-0.002111
16.925,0.002427,0.001181,-0.000227,-0.002108
16.93,0.002422,0.001178,-0.000224,-0.002104
16.934,0.002417,0.001174,-0.000222,-0.002101
16.937,0.002412,0.001171,-0.00022,-0.002097
16.941,0.002407,0.001168,-0.000218,-0.002093
16.945,0.002402,0.001165,-0.000216,-0.00209
16.949,0.002397,0.001161,-0.000213,-0.002086
16.952,0.002392,0.001158,-0.000211,-0.002083
16.955,0.002387,0.001155,-0.000209,-0.002079
16.959,0.002383,0.001152,-0.000207,-0.002075
16.962,0.002378,0.001148,-0.000204,-0.002072
16.967,0.002373,0.001145,-0.000202,-0.002068
16.97,0.002368,0.001142,-0.0002,-0.002065
16.974,0.002363,0.001139,-0.000198,-0.002061
16.979,0.002358,0.001136,-0.000196,-0.002058
16.982,0.002354,0.001132,-0.000194,-0.002054
16.986,0.002349,0.001129,-0.000191,-0.002051
16.99,0.002344,0.001126,-0.000189,-0.002047
16.993,0.002339,0.001123,-0.000187,-0.002044
16.998,0.002335,0.00112,-0.000185,-0.00204
17.002,0.00233,0.001117,-0.000183,-0.002037
17.006,0.002325,0.001113,-0.000181,-0.002033
17.01,0.00232,0.00111,-0.000179,-0.00203
17.015,0.002316,0.001107,-0.000176,-0.002026
17.019,0.002311,0.001104,-0.000174,-0.002023
17.023,0.002306,0.001101,-0.000172,-0.002019
17.026,0.002302,0.001098,-0.00017,-0.002016
17.031,0.002297,0.001095,-0.000168,-0.002012
17.036,0.002292,0.001092,-0.000166,-0.002009
17.041,0.002288,0.001089,-0.000164,-0.002005
17.045,0.002283,0.001085,-0.000162,-0.002002
17.049,0.002278,0.001082,-0.00016,-0.001998
17.053,0.002274,0.001079,-0.000158,-0.001995
17.057,0.002269,0.001076,-0.000155,-0.001992
17.061,0.002265,0.001073,-0.000153,-0.001988
17.066,0.00226,0.00107,-0.000151,-0.001985
17.069,0.002255,0.001067,-0.000149,-0.001981
17.073,0.002251,0.001064,-0.000147,-0.001978
17.077,0.002246,0.001061,-0.000145,-0.001975
17.081,0.002242,0.001058,-0.000143,-0.001971
17.085,0.002237,0.001055,-0.000141,-0.001968
17.089,0.002233,0.001052,-0.000139,-0.001964
